INFO:     Will watch for changes in these directories: ['/Users/eugeniucazmal/Downloads/dev_office/tv_screen_emer/tv_screen-main/backend']
INFO:     Uvicorn running on http://127.0.0.1:8001 (Press CTRL+C to quit)
INFO:     Started reloader process [27888] using WatchFiles
2026-02-11 12:04:59,659 - server - INFO - Server starting...
INFO:     Started server process [27974]
INFO:     Waiting for application startup.
2026-02-11 12:05:00,246 - server - INFO - Initializing database connection...
INFO:     Connecting to database at aws-1-eu-west-1.pooler.supabase.com:5432/postgres (SSL: require)
INFO:     Connection attempt 1/3...
INFO:     Database connection established successfully via parameters.
2026-02-11 12:05:01,654 - server - INFO - Database initialized successfully.
INFO:     Application startup complete.
INFO:     DEBUG: Incoming request from Origin: http://localhost:3000
INFO:     127.0.0.1:49605 - "GET /api/auth/check-registration-open HTTP/1.1" 200 OK
INFO:     DEBUG: Incoming request from Origin: http://localhost:3000
INFO:     127.0.0.1:49605 - "GET /api/auth/check-registration-open HTTP/1.1" 200 OK
INFO:     DEBUG: Incoming request from Origin: http://localhost:3000
INFO:     127.0.0.1:49614 - "GET /api/auth/check-registration-open HTTP/1.1" 200 OK
INFO:     DEBUG: Incoming request from Origin: http://localhost:3000
INFO:     127.0.0.1:49614 - "GET /api/auth/check-registration-open HTTP/1.1" 200 OK
INFO:     DEBUG: Incoming request from Origin: http://localhost:3000
INFO:     127.0.0.1:49614 - "OPTIONS /api/auth/login HTTP/1.1" 200 OK
INFO:     DEBUG: Incoming request from Origin: http://localhost:3000
INFO:     127.0.0.1:49605 - "POST /api/auth/login HTTP/1.1" 401 Unauthorized
INFO:     DEBUG: Incoming request from Origin: http://localhost:3000
INFO:     127.0.0.1:49605 - "GET /api/auth/check-registration-open HTTP/1.1" 200 OK
INFO:     DEBUG: Incoming request from Origin: http://localhost:3000
INFO:     127.0.0.1:49614 - "GET /api/auth/check-registration-open HTTP/1.1" 200 OK
INFO:     DEBUG: Incoming request from Origin: http://localhost:3000
INFO:     127.0.0.1:49614 - "POST /api/auth/login HTTP/1.1" 401 Unauthorized
INFO:     DEBUG: Incoming request from Origin: http://localhost:3000
INFO:     127.0.0.1:49614 - "GET /api/auth/check-registration-open HTTP/1.1" 200 OK
INFO:     DEBUG: Incoming request from Origin: http://localhost:3000
INFO:     127.0.0.1:49605 - "GET /api/auth/check-registration-open HTTP/1.1" 200 OK
INFO:     DEBUG: Incoming request from Origin: http://localhost:3000
Login timing - DB: 0.194s, Password verify: 0.193s, Total: 0.668s
INFO:     127.0.0.1:49690 - "POST /api/auth/login HTTP/1.1" 200 OK
INFO:     DEBUG: Incoming request from Origin: http://localhost:3000
INFO:     127.0.0.1:49690 - "OPTIONS /api/dashboard/stats HTTP/1.1" 200 OK
INFO:     DEBUG: Incoming request from Origin: http://localhost:3000
INFO:     DEBUG: Incoming request from Origin: http://localhost:3000
INFO:     127.0.0.1:49698 - "OPTIONS /api/dashboard/stats HTTP/1.1" 200 OK
INFO:     127.0.0.1:49690 - "GET /api/dashboard/stats HTTP/1.1" 200 OK
INFO:     DEBUG: Incoming request from Origin: http://localhost:3000
INFO:     127.0.0.1:49690 - "GET /api/dashboard/stats HTTP/1.1" 200 OK
INFO:     DEBUG: Incoming request from Origin: http://localhost:3000
INFO:     DEBUG: Incoming request from Origin: http://localhost:3000
INFO:     DEBUG: Incoming request from Origin: http://localhost:3000
INFO:     127.0.0.1:49690 - "OPTIONS /api/screens HTTP/1.1" 200 OK
INFO:     127.0.0.1:49698 - "OPTIONS /api/locations HTTP/1.1" 200 OK
INFO:     127.0.0.1:49700 - "OPTIONS /api/screens HTTP/1.1" 200 OK
INFO:     DEBUG: Incoming request from Origin: http://localhost:3000
INFO:     DEBUG: Incoming request from Origin: http://localhost:3000
INFO:     127.0.0.1:49720 - "OPTIONS /api/locations HTTP/1.1" 200 OK
INFO:     DEBUG: Incoming request from Origin: http://localhost:3000
INFO:     127.0.0.1:49690 - "GET /api/locations HTTP/1.1" 200 OK
INFO:     DEBUG: Incoming request from Origin: http://localhost:3000
INFO:     127.0.0.1:49722 - "GET /api/screens HTTP/1.1" 200 OK
INFO:     DEBUG: Incoming request from Origin: http://localhost:3000
INFO:     DEBUG: Incoming request from Origin: http://localhost:3000
INFO:     DEBUG: Incoming request from Origin: http://localhost:3000
INFO:     DEBUG: Incoming request from Origin: http://localhost:3000
INFO:     127.0.0.1:49700 - "OPTIONS /api/auth/me HTTP/1.1" 200 OK
INFO:     127.0.0.1:49698 - "OPTIONS /api/auth/me HTTP/1.1" 200 OK
INFO:     DEBUG: Incoming request from Origin: http://localhost:3000
INFO:     DEBUG: Incoming request from Origin: http://localhost:3000
INFO:     DEBUG: Incoming request from Origin: http://localhost:3000
INFO:     127.0.0.1:49700 - "OPTIONS /api/auth/me HTTP/1.1" 200 OK
INFO:     127.0.0.1:49698 - "OPTIONS /api/auth/me HTTP/1.1" 200 OK
INFO:     DEBUG: Incoming request from Origin: http://localhost:3000
INFO:     DEBUG: Incoming request from Origin: http://localhost:3000
INFO:     127.0.0.1:49698 - "OPTIONS /api/auth/me HTTP/1.1" 200 OK
INFO:     DEBUG: Incoming request from Origin: http://localhost:3000
INFO:     127.0.0.1:49698 - "OPTIONS /api/auth/me HTTP/1.1" 200 OK
INFO:     DEBUG: Incoming request from Origin: http://localhost:3000
INFO:     127.0.0.1:49720 - "GET /api/locations HTTP/1.1" 200 OK
INFO:     DEBUG: Incoming request from Origin: http://localhost:3000
INFO:     127.0.0.1:49720 - "OPTIONS /api/auth/me HTTP/1.1" 200 OK
INFO:     DEBUG: Incoming request from Origin: http://localhost:3000
INFO:     127.0.0.1:49720 - "OPTIONS /api/auth/me HTTP/1.1" 200 OK
INFO:     DEBUG: Incoming request from Origin: http://localhost:3000
INFO:     127.0.0.1:49690 - "GET /api/screens HTTP/1.1" 200 OK
INFO:     DEBUG: Incoming request from Origin: http://localhost:3000
INFO:     127.0.0.1:49690 - "OPTIONS /api/auth/me HTTP/1.1" 200 OK
INFO:     DEBUG: Incoming request from Origin: http://localhost:3000
INFO:     127.0.0.1:49690 - "OPTIONS /api/auth/me HTTP/1.1" 200 OK
INFO:     DEBUG: Incoming request from Origin: http://localhost:3000
INFO:     127.0.0.1:49690 - "GET /api/auth/me HTTP/1.1" 200 OK
INFO:     DEBUG: Incoming request from Origin: http://localhost:3000
INFO:     127.0.0.1:49690 - "GET /api/auth/me HTTP/1.1" 200 OK
INFO:     DEBUG: Incoming request from Origin: http://localhost:3000
INFO:     127.0.0.1:49690 - "GET /api/auth/me HTTP/1.1" 200 OK
INFO:     DEBUG: Incoming request from Origin: http://localhost:3000
INFO:     127.0.0.1:49720 - "GET /api/display/mev1 HTTP/1.1" 200 OK
INFO:     DEBUG: Incoming request from Origin: http://localhost:3000
INFO:     127.0.0.1:49690 - "GET /api/auth/me HTTP/1.1" 200 OK
INFO:     DEBUG: Incoming request from Origin: http://localhost:3000
INFO:     127.0.0.1:49690 - "POST /api/screens/379b4f70-10e3-454f-81db-e012844ee242/heartbeat HTTP/1.1" 200 OK
INFO:     DEBUG: Incoming request from Origin: http://localhost:3000
INFO:     127.0.0.1:49690 - "GET /api/auth/me HTTP/1.1" 200 OK
INFO:     DEBUG: Incoming request from Origin: http://localhost:3000
INFO:     127.0.0.1:49720 - "GET /api/display/mev1 HTTP/1.1" 200 OK
INFO:     DEBUG: Incoming request from Origin: http://localhost:3000
INFO:     DEBUG: Incoming request from Origin: http://localhost:3000
INFO:     DEBUG: Incoming request from Origin: http://localhost:3000
INFO:     DEBUG: Incoming request from Origin: http://localhost:3000
INFO:     DEBUG: Incoming request from Origin: http://localhost:3000
INFO:     127.0.0.1:49764 - "OPTIONS /api/content HTTP/1.1" 200 OK
INFO:     DEBUG: Incoming request from Origin: http://localhost:3000
INFO:     DEBUG: Incoming request from Origin: http://localhost:3000
INFO:     DEBUG: Incoming request from Origin: http://localhost:3000
INFO:     127.0.0.1:49766 - "OPTIONS /api/content/folders HTTP/1.1" 200 OK
INFO:     127.0.0.1:49770 - "OPTIONS /api/content HTTP/1.1" 200 OK
INFO:     127.0.0.1:49771 - "OPTIONS /api/content/folders HTTP/1.1" 200 OK
INFO:     DEBUG: Incoming request from Origin: http://localhost:3000
INFO:     DEBUG: Incoming request from Origin: http://localhost:3000
INFO:     127.0.0.1:49773 - "GET /api/content HTTP/1.1" 200 OK
INFO:     DEBUG: Incoming request from Origin: http://localhost:3000
ERROR:    Exception in ASGI application
Traceback (most recent call last):
  File "/Users/eugeniucazmal/Library/Python/3.9/lib/python/site-packages/uvicorn/protocols/http/h11_impl.py", line 409, in run_asgi
    result = await app(  # type: ignore[func-returns-value]
  File "/Users/eugeniucazmal/Library/Python/3.9/lib/python/site-packages/uvicorn/middleware/proxy_headers.py", line 60, in __call__
    return await self.app(scope, receive, send)
  File "/Users/eugeniucazmal/Library/Python/3.9/lib/python/site-packages/fastapi/applications.py", line 1135, in __call__
    await super().__call__(scope, receive, send)
  File "/Users/eugeniucazmal/Library/Python/3.9/lib/python/site-packages/starlette/applications.py", line 113, in __call__
    await self.middleware_stack(scope, receive, send)
  File "/Users/eugeniucazmal/Library/Python/3.9/lib/python/site-packages/starlette/middleware/errors.py", line 186, in __call__
    raise exc
  File "/Users/eugeniucazmal/Library/Python/3.9/lib/python/site-packages/starlette/middleware/errors.py", line 164, in __call__
    await self.app(scope, receive, _send)
  File "/Users/eugeniucazmal/Library/Python/3.9/lib/python/site-packages/starlette/middleware/base.py", line 196, in __call__
    recv_stream.close()
  File "/Library/Developer/CommandLineTools/Library/Frameworks/Python3.framework/Versions/3.9/lib/python3.9/contextlib.py", line 135, in __exit__
    self.gen.throw(type, value, traceback)
  File "/Users/eugeniucazmal/Library/Python/3.9/lib/python/site-packages/starlette/_utils.py", line 85, in collapse_excgroups
    raise exc
  File "/Users/eugeniucazmal/Library/Python/3.9/lib/python/site-packages/starlette/middleware/base.py", line 193, in __call__
    response = await self.dispatch_func(request, call_next)
  File "/Users/eugeniucazmal/Downloads/dev_office/tv_screen_emer/tv_screen-main/backend/server.py", line 235, in log_origin_middleware
    return await call_next(request)
  File "/Users/eugeniucazmal/Library/Python/3.9/lib/python/site-packages/starlette/middleware/base.py", line 168, in call_next
    raise app_exc from app_exc.__cause__ or app_exc.__context__
  File "/Users/eugeniucazmal/Library/Python/3.9/lib/python/site-packages/starlette/middleware/base.py", line 144, in coro
    await self.app(scope, receive_or_disconnect, send_no_error)
  File "/Users/eugeniucazmal/Library/Python/3.9/lib/python/site-packages/starlette/middleware/cors.py", line 93, in __call__
    await self.simple_response(scope, receive, send, request_headers=headers)
  File "/Users/eugeniucazmal/Library/Python/3.9/lib/python/site-packages/starlette/middleware/cors.py", line 144, in simple_response
    await self.app(scope, receive, send)
  File "/Users/eugeniucazmal/Library/Python/3.9/lib/python/site-packages/starlette/middleware/exceptions.py", line 63, in __call__
    await wrap_app_handling_exceptions(self.app, conn)(scope, receive, send)
  File "/Users/eugeniucazmal/Library/Python/3.9/lib/python/site-packages/starlette/_exception_handler.py", line 53, in wrapped_app
    raise exc
  File "/Users/eugeniucazmal/Library/Python/3.9/lib/python/site-packages/starlette/_exception_handler.py", line 42, in wrapped_app
    await app(scope, receive, sender)
  File "/Users/eugeniucazmal/Library/Python/3.9/lib/python/site-packages/fastapi/middleware/asyncexitstack.py", line 18, in __call__
    await self.app(scope, receive, send)
  File "/Users/eugeniucazmal/Library/Python/3.9/lib/python/site-packages/starlette/routing.py", line 716, in __call__
    await self.middleware_stack(scope, receive, send)
  File "/Users/eugeniucazmal/Library/Python/3.9/lib/python/site-packages/starlette/routing.py", line 736, in app
    await route.handle(scope, receive, send)
  File "/Users/eugeniucazmal/Library/Python/3.9/lib/python/site-packages/starlette/routing.py", line 290, in handle
    await self.app(scope, receive, send)
  File "/Users/eugeniucazmal/Library/Python/3.9/lib/python/site-packages/fastapi/routing.py", line 115, in app
    await wrap_app_handling_exceptions(app, request)(scope, receive, send)
  File "/Users/eugeniucazmal/Library/Python/3.9/lib/python/site-packages/starlette/_exception_handler.py", line 53, in wrapped_app
    raise exc
  File "/Users/eugeniucazmal/Library/Python/3.9/lib/python/site-packages/starlette/_exception_handler.py", line 42, in wrapped_app
    await app(scope, receive, sender)
  File "/Users/eugeniucazmal/Library/Python/3.9/lib/python/site-packages/fastapi/routing.py", line 101, in app
    response = await f(request)
  File "/Users/eugeniucazmal/Library/Python/3.9/lib/python/site-packages/fastapi/routing.py", line 345, in app
    solved_result = await solve_dependencies(
  File "/Users/eugeniucazmal/Library/Python/3.9/lib/python/site-packages/fastapi/dependencies/utils.py", line 643, in solve_dependencies
    solved = await call(**solved_result.values)
  File "/Users/eugeniucazmal/Downloads/dev_office/tv_screen_emer/tv_screen-main/backend/server.py", line 598, in get_current_user
    user_doc = await user_get_by_email(email)
  File "/Users/eugeniucazmal/Downloads/dev_office/tv_screen_emer/tv_screen-main/backend/db.py", line 216, in user_get_by_email
    return await _fetch_one("SELECT * FROM users WHERE email = $1", email)
  File "/Users/eugeniucazmal/Downloads/dev_office/tv_screen_emer/tv_screen-main/backend/db.py", line 189, in _fetch_one
    async with pool.acquire() as c:
  File "/Users/eugeniucazmal/Library/Python/3.9/lib/python/site-packages/asyncpg/pool.py", line 1056, in __aenter__
    self.connection = await self.pool._acquire(self.timeout)
  File "/Users/eugeniucazmal/Library/Python/3.9/lib/python/site-packages/asyncpg/pool.py", line 896, in _acquire
    return await _acquire_impl()
  File "/Users/eugeniucazmal/Library/Python/3.9/lib/python/site-packages/asyncpg/pool.py", line 881, in _acquire_impl
    proxy = await ch.acquire()  # type: PoolConnectionProxy
  File "/Users/eugeniucazmal/Library/Python/3.9/lib/python/site-packages/asyncpg/pool.py", line 161, in acquire
    await self.connect()
  File "/Users/eugeniucazmal/Library/Python/3.9/lib/python/site-packages/asyncpg/pool.py", line 153, in connect
    self._con = await self._pool._get_new_connection()
  File "/Users/eugeniucazmal/Library/Python/3.9/lib/python/site-packages/asyncpg/pool.py", line 538, in _get_new_connection
    con = await self._connect(
  File "/Users/eugeniucazmal/Library/Python/3.9/lib/python/site-packages/asyncpg/connection.py", line 2443, in connect
    return await connect_utils._connect(
  File "/Users/eugeniucazmal/Library/Python/3.9/lib/python/site-packages/asyncpg/connect_utils.py", line 1218, in _connect
    conn = await _connect_addr(
  File "/Users/eugeniucazmal/Library/Python/3.9/lib/python/site-packages/asyncpg/connect_utils.py", line 1050, in _connect_addr
    return await __connect_addr(params, False, *args)
  File "/Users/eugeniucazmal/Library/Python/3.9/lib/python/site-packages/asyncpg/connect_utils.py", line 1102, in __connect_addr
    await connected
asyncpg.exceptions.InternalServerError: Max client connections reached
2026-02-11 12:08:06,701 - server - INFO - FETCHING FOLDERS...
INFO:     127.0.0.1:49773 - "GET /api/content HTTP/1.1" 200 OK
INFO:     127.0.0.1:49768 - "GET /api/screens HTTP/1.1" 200 OK
INFO:     DEBUG: Incoming request from Origin: http://localhost:3000
INFO:     127.0.0.1:49764 - "GET /api/content/folders HTTP/1.1" 200 OK
INFO:     DEBUG: Incoming request from Origin: http://localhost:3000
2026-02-11 12:08:07,157 - server - INFO - FETCHING FOLDERS...
INFO:     127.0.0.1:49773 - "GET /api/screens HTTP/1.1" 200 OK
INFO:     127.0.0.1:49764 - "GET /api/content/folders HTTP/1.1" 200 OK
INFO:     DEBUG: Incoming request from Origin: http://localhost:3000
INFO:     127.0.0.1:49764 - "OPTIONS /api/screen-zones HTTP/1.1" 200 OK
INFO:     DEBUG: Incoming request from Origin: http://localhost:3000
INFO:     127.0.0.1:49764 - "POST /api/screen-zones HTTP/1.1" 200 OK
INFO:     DEBUG: Incoming request from Origin: http://localhost:3000
INFO:     DEBUG: Incoming request from Origin: http://localhost:3000
INFO:     127.0.0.1:49764 - "GET /api/screens HTTP/1.1" 200 OK
INFO:     DEBUG: Incoming request from Origin: http://localhost:3000
INFO:     127.0.0.1:49814 - "GET /api/locations HTTP/1.1" 200 OK
INFO:     DEBUG: Incoming request from Origin: http://localhost:3000
INFO:     127.0.0.1:49764 - "GET /api/screens HTTP/1.1" 200 OK
INFO:     DEBUG: Incoming request from Origin: http://localhost:3000
INFO:     DEBUG: Incoming request from Origin: http://localhost:3000
INFO:     DEBUG: Incoming request from Origin: http://localhost:3000
INFO:     DEBUG: Incoming request from Origin: http://localhost:3000
INFO:     DEBUG: Incoming request from Origin: http://localhost:3000
INFO:     127.0.0.1:49814 - "GET /api/locations HTTP/1.1" 200 OK
INFO:     DEBUG: Incoming request from Origin: http://localhost:3000
INFO:     127.0.0.1:49837 - "GET /api/auth/me HTTP/1.1" 200 OK
INFO:     DEBUG: Incoming request from Origin: http://localhost:3000
INFO:     127.0.0.1:49837 - "GET /api/auth/me HTTP/1.1" 200 OK
INFO:     DEBUG: Incoming request from Origin: http://localhost:3000
INFO:     127.0.0.1:49837 - "GET /api/auth/me HTTP/1.1" 200 OK
INFO:     DEBUG: Incoming request from Origin: http://localhost:3000
INFO:     127.0.0.1:49814 - "GET /api/display/mev1 HTTP/1.1" 200 OK
INFO:     DEBUG: Incoming request from Origin: http://localhost:3000
INFO:     127.0.0.1:49841 - "GET /api/display/bc3 HTTP/1.1" 500 Internal Server Error
ERROR:    Exception in ASGI application
Traceback (most recent call last):
  File "/Users/eugeniucazmal/Library/Python/3.9/lib/python/site-packages/uvicorn/protocols/http/h11_impl.py", line 409, in run_asgi
    result = await app(  # type: ignore[func-returns-value]
  File "/Users/eugeniucazmal/Library/Python/3.9/lib/python/site-packages/uvicorn/middleware/proxy_headers.py", line 60, in __call__
    return await self.app(scope, receive, send)
  File "/Users/eugeniucazmal/Library/Python/3.9/lib/python/site-packages/fastapi/applications.py", line 1135, in __call__
    await super().__call__(scope, receive, send)
  File "/Users/eugeniucazmal/Library/Python/3.9/lib/python/site-packages/starlette/applications.py", line 113, in __call__
    await self.middleware_stack(scope, receive, send)
  File "/Users/eugeniucazmal/Library/Python/3.9/lib/python/site-packages/starlette/middleware/errors.py", line 186, in __call__
    raise exc
  File "/Users/eugeniucazmal/Library/Python/3.9/lib/python/site-packages/starlette/middleware/errors.py", line 164, in __call__
    await self.app(scope, receive, _send)
  File "/Users/eugeniucazmal/Library/Python/3.9/lib/python/site-packages/starlette/middleware/base.py", line 196, in __call__
    recv_stream.close()
  File "/Library/Developer/CommandLineTools/Library/Frameworks/Python3.framework/Versions/3.9/lib/python3.9/contextlib.py", line 135, in __exit__
    self.gen.throw(type, value, traceback)
  File "/Users/eugeniucazmal/Library/Python/3.9/lib/python/site-packages/starlette/_utils.py", line 85, in collapse_excgroups
    raise exc
  File "/Users/eugeniucazmal/Library/Python/3.9/lib/python/site-packages/starlette/middleware/base.py", line 193, in __call__
    response = await self.dispatch_func(request, call_next)
  File "/Users/eugeniucazmal/Downloads/dev_office/tv_screen_emer/tv_screen-main/backend/server.py", line 235, in log_origin_middleware
    return await call_next(request)
  File "/Users/eugeniucazmal/Library/Python/3.9/lib/python/site-packages/starlette/middleware/base.py", line 168, in call_next
    raise app_exc from app_exc.__cause__ or app_exc.__context__
  File "/Users/eugeniucazmal/Library/Python/3.9/lib/python/site-packages/starlette/middleware/base.py", line 144, in coro
    await self.app(scope, receive_or_disconnect, send_no_error)
  File "/Users/eugeniucazmal/Library/Python/3.9/lib/python/site-packages/starlette/middleware/cors.py", line 93, in __call__
    await self.simple_response(scope, receive, send, request_headers=headers)
  File "/Users/eugeniucazmal/Library/Python/3.9/lib/python/site-packages/starlette/middleware/cors.py", line 144, in simple_response
    await self.app(scope, receive, send)
  File "/Users/eugeniucazmal/Library/Python/3.9/lib/python/site-packages/starlette/middleware/exceptions.py", line 63, in __call__
    await wrap_app_handling_exceptions(self.app, conn)(scope, receive, send)
  File "/Users/eugeniucazmal/Library/Python/3.9/lib/python/site-packages/starlette/_exception_handler.py", line 53, in wrapped_app
    raise exc
  File "/Users/eugeniucazmal/Library/Python/3.9/lib/python/site-packages/starlette/_exception_handler.py", line 42, in wrapped_app
    await app(scope, receive, sender)
  File "/Users/eugeniucazmal/Library/Python/3.9/lib/python/site-packages/fastapi/middleware/asyncexitstack.py", line 18, in __call__
    await self.app(scope, receive, send)
  File "/Users/eugeniucazmal/Library/Python/3.9/lib/python/site-packages/starlette/routing.py", line 716, in __call__
    await self.middleware_stack(scope, receive, send)
  File "/Users/eugeniucazmal/Library/Python/3.9/lib/python/site-packages/starlette/routing.py", line 736, in app
    await route.handle(scope, receive, send)
  File "/Users/eugeniucazmal/Library/Python/3.9/lib/python/site-packages/starlette/routing.py", line 290, in handle
    await self.app(scope, receive, send)
  File "/Users/eugeniucazmal/Library/Python/3.9/lib/python/site-packages/fastapi/routing.py", line 115, in app
    await wrap_app_handling_exceptions(app, request)(scope, receive, send)
  File "/Users/eugeniucazmal/Library/Python/3.9/lib/python/site-packages/starlette/_exception_handler.py", line 53, in wrapped_app
    raise exc
  File "/Users/eugeniucazmal/Library/Python/3.9/lib/python/site-packages/starlette/_exception_handler.py", line 42, in wrapped_app
    await app(scope, receive, sender)
  File "/Users/eugeniucazmal/Library/Python/3.9/lib/python/site-packages/fastapi/routing.py", line 101, in app
    response = await f(request)
  File "/Users/eugeniucazmal/Library/Python/3.9/lib/python/site-packages/fastapi/routing.py", line 355, in app
    raw_response = await run_endpoint_function(
  File "/Users/eugeniucazmal/Library/Python/3.9/lib/python/site-packages/fastapi/routing.py", line 243, in run_endpoint_function
    return await dependant.call(**values)
  File "/Users/eugeniucazmal/Downloads/dev_office/tv_screen_emer/tv_screen-main/backend/server.py", line 1875, in get_display_data
    screen = await screen_get_by_slug(slug)
  File "/Users/eugeniucazmal/Downloads/dev_office/tv_screen_emer/tv_screen-main/backend/db.py", line 362, in screen_get_by_slug
    return await _fetch_one("SELECT * FROM screens WHERE slug = $1", slug)
  File "/Users/eugeniucazmal/Downloads/dev_office/tv_screen_emer/tv_screen-main/backend/db.py", line 189, in _fetch_one
    async with pool.acquire() as c:
  File "/Users/eugeniucazmal/Library/Python/3.9/lib/python/site-packages/asyncpg/pool.py", line 1056, in __aenter__
    self.connection = await self.pool._acquire(self.timeout)
  File "/Users/eugeniucazmal/Library/Python/3.9/lib/python/site-packages/asyncpg/pool.py", line 896, in _acquire
    return await _acquire_impl()
  File "/Users/eugeniucazmal/Library/Python/3.9/lib/python/site-packages/asyncpg/pool.py", line 881, in _acquire_impl
    proxy = await ch.acquire()  # type: PoolConnectionProxy
  File "/Users/eugeniucazmal/Library/Python/3.9/lib/python/site-packages/asyncpg/pool.py", line 161, in acquire
    await self.connect()
  File "/Users/eugeniucazmal/Library/Python/3.9/lib/python/site-packages/asyncpg/pool.py", line 153, in connect
    self._con = await self._pool._get_new_connection()
  File "/Users/eugeniucazmal/Library/Python/3.9/lib/python/site-packages/asyncpg/pool.py", line 538, in _get_new_connection
    con = await self._connect(
  File "/Users/eugeniucazmal/Library/Python/3.9/lib/python/site-packages/asyncpg/connection.py", line 2443, in connect
    return await connect_utils._connect(
  File "/Users/eugeniucazmal/Library/Python/3.9/lib/python/site-packages/asyncpg/connect_utils.py", line 1218, in _connect
    conn = await _connect_addr(
  File "/Users/eugeniucazmal/Library/Python/3.9/lib/python/site-packages/asyncpg/connect_utils.py", line 1050, in _connect_addr
    return await __connect_addr(params, False, *args)
  File "/Users/eugeniucazmal/Library/Python/3.9/lib/python/site-packages/asyncpg/connect_utils.py", line 1102, in __connect_addr
    await connected
asyncpg.exceptions.InternalServerError: MaxClientsInSessionMode: max clients reached - in Session mode max clients are limited to pool_size
INFO:     DEBUG: Incoming request from Origin: http://localhost:3000
INFO:     127.0.0.1:49837 - "GET /api/auth/me HTTP/1.1" 200 OK
INFO:     DEBUG: Incoming request from Origin: http://localhost:3000
INFO:     127.0.0.1:49844 - "GET /api/display/br1 HTTP/1.1" 200 OK
INFO:     DEBUG: Incoming request from Origin: http://localhost:3000
INFO:     127.0.0.1:49837 - "POST /api/screens/379b4f70-10e3-454f-81db-e012844ee242/heartbeat HTTP/1.1" 200 OK
INFO:     DEBUG: Incoming request from Origin: http://localhost:3000
INFO:     127.0.0.1:49844 - "GET /api/auth/me HTTP/1.1" 200 OK
INFO:     DEBUG: Incoming request from Origin: http://localhost:3000
INFO:     127.0.0.1:49844 - "POST /api/screens/e6c1dc53-f66a-41a6-b56b-5333cb7168f6/heartbeat HTTP/1.1" 200 OK
INFO:     127.0.0.1:49839 - "GET /api/display/bc2 HTTP/1.1" 200 OK
INFO:     DEBUG: Incoming request from Origin: http://localhost:3000
INFO:     DEBUG: Incoming request from Origin: http://localhost:3000
INFO:     127.0.0.1:49847 - "GET /api/display/bc3 HTTP/1.1" 500 Internal Server Error
ERROR:    Exception in ASGI application
Traceback (most recent call last):
  File "/Users/eugeniucazmal/Library/Python/3.9/lib/python/site-packages/uvicorn/protocols/http/h11_impl.py", line 409, in run_asgi
    result = await app(  # type: ignore[func-returns-value]
  File "/Users/eugeniucazmal/Library/Python/3.9/lib/python/site-packages/uvicorn/middleware/proxy_headers.py", line 60, in __call__
    return await self.app(scope, receive, send)
  File "/Users/eugeniucazmal/Library/Python/3.9/lib/python/site-packages/fastapi/applications.py", line 1135, in __call__
    await super().__call__(scope, receive, send)
  File "/Users/eugeniucazmal/Library/Python/3.9/lib/python/site-packages/starlette/applications.py", line 113, in __call__
    await self.middleware_stack(scope, receive, send)
  File "/Users/eugeniucazmal/Library/Python/3.9/lib/python/site-packages/starlette/middleware/errors.py", line 186, in __call__
    raise exc
  File "/Users/eugeniucazmal/Library/Python/3.9/lib/python/site-packages/starlette/middleware/errors.py", line 164, in __call__
    await self.app(scope, receive, _send)
  File "/Users/eugeniucazmal/Library/Python/3.9/lib/python/site-packages/starlette/middleware/base.py", line 196, in __call__
    recv_stream.close()
  File "/Library/Developer/CommandLineTools/Library/Frameworks/Python3.framework/Versions/3.9/lib/python3.9/contextlib.py", line 135, in __exit__
    self.gen.throw(type, value, traceback)
  File "/Users/eugeniucazmal/Library/Python/3.9/lib/python/site-packages/starlette/_utils.py", line 85, in collapse_excgroups
    raise exc
  File "/Users/eugeniucazmal/Library/Python/3.9/lib/python/site-packages/starlette/middleware/base.py", line 193, in __call__
    response = await self.dispatch_func(request, call_next)
  File "/Users/eugeniucazmal/Downloads/dev_office/tv_screen_emer/tv_screen-main/backend/server.py", line 235, in log_origin_middleware
    return await call_next(request)
  File "/Users/eugeniucazmal/Library/Python/3.9/lib/python/site-packages/starlette/middleware/base.py", line 168, in call_next
    raise app_exc from app_exc.__cause__ or app_exc.__context__
  File "/Users/eugeniucazmal/Library/Python/3.9/lib/python/site-packages/starlette/middleware/base.py", line 144, in coro
    await self.app(scope, receive_or_disconnect, send_no_error)
  File "/Users/eugeniucazmal/Library/Python/3.9/lib/python/site-packages/starlette/middleware/cors.py", line 93, in __call__
    await self.simple_response(scope, receive, send, request_headers=headers)
  File "/Users/eugeniucazmal/Library/Python/3.9/lib/python/site-packages/starlette/middleware/cors.py", line 144, in simple_response
    await self.app(scope, receive, send)
  File "/Users/eugeniucazmal/Library/Python/3.9/lib/python/site-packages/starlette/middleware/exceptions.py", line 63, in __call__
    await wrap_app_handling_exceptions(self.app, conn)(scope, receive, send)
  File "/Users/eugeniucazmal/Library/Python/3.9/lib/python/site-packages/starlette/_exception_handler.py", line 53, in wrapped_app
    raise exc
  File "/Users/eugeniucazmal/Library/Python/3.9/lib/python/site-packages/starlette/_exception_handler.py", line 42, in wrapped_app
    await app(scope, receive, sender)
  File "/Users/eugeniucazmal/Library/Python/3.9/lib/python/site-packages/fastapi/middleware/asyncexitstack.py", line 18, in __call__
    await self.app(scope, receive, send)
  File "/Users/eugeniucazmal/Library/Python/3.9/lib/python/site-packages/starlette/routing.py", line 716, in __call__
    await self.middleware_stack(scope, receive, send)
  File "/Users/eugeniucazmal/Library/Python/3.9/lib/python/site-packages/starlette/routing.py", line 736, in app
    await route.handle(scope, receive, send)
  File "/Users/eugeniucazmal/Library/Python/3.9/lib/python/site-packages/starlette/routing.py", line 290, in handle
    await self.app(scope, receive, send)
  File "/Users/eugeniucazmal/Library/Python/3.9/lib/python/site-packages/fastapi/routing.py", line 115, in app
    await wrap_app_handling_exceptions(app, request)(scope, receive, send)
  File "/Users/eugeniucazmal/Library/Python/3.9/lib/python/site-packages/starlette/_exception_handler.py", line 53, in wrapped_app
    raise exc
  File "/Users/eugeniucazmal/Library/Python/3.9/lib/python/site-packages/starlette/_exception_handler.py", line 42, in wrapped_app
    await app(scope, receive, sender)
  File "/Users/eugeniucazmal/Library/Python/3.9/lib/python/site-packages/fastapi/routing.py", line 101, in app
    response = await f(request)
  File "/Users/eugeniucazmal/Library/Python/3.9/lib/python/site-packages/fastapi/routing.py", line 355, in app
    raw_response = await run_endpoint_function(
  File "/Users/eugeniucazmal/Library/Python/3.9/lib/python/site-packages/fastapi/routing.py", line 243, in run_endpoint_function
    return await dependant.call(**values)
  File "/Users/eugeniucazmal/Downloads/dev_office/tv_screen_emer/tv_screen-main/backend/server.py", line 1875, in get_display_data
    screen = await screen_get_by_slug(slug)
  File "/Users/eugeniucazmal/Downloads/dev_office/tv_screen_emer/tv_screen-main/backend/db.py", line 362, in screen_get_by_slug
    return await _fetch_one("SELECT * FROM screens WHERE slug = $1", slug)
  File "/Users/eugeniucazmal/Downloads/dev_office/tv_screen_emer/tv_screen-main/backend/db.py", line 189, in _fetch_one
    async with pool.acquire() as c:
  File "/Users/eugeniucazmal/Library/Python/3.9/lib/python/site-packages/asyncpg/pool.py", line 1056, in __aenter__
    self.connection = await self.pool._acquire(self.timeout)
  File "/Users/eugeniucazmal/Library/Python/3.9/lib/python/site-packages/asyncpg/pool.py", line 896, in _acquire
    return await _acquire_impl()
  File "/Users/eugeniucazmal/Library/Python/3.9/lib/python/site-packages/asyncpg/pool.py", line 881, in _acquire_impl
    proxy = await ch.acquire()  # type: PoolConnectionProxy
  File "/Users/eugeniucazmal/Library/Python/3.9/lib/python/site-packages/asyncpg/pool.py", line 161, in acquire
    await self.connect()
  File "/Users/eugeniucazmal/Library/Python/3.9/lib/python/site-packages/asyncpg/pool.py", line 153, in connect
    self._con = await self._pool._get_new_connection()
  File "/Users/eugeniucazmal/Library/Python/3.9/lib/python/site-packages/asyncpg/pool.py", line 538, in _get_new_connection
    con = await self._connect(
  File "/Users/eugeniucazmal/Library/Python/3.9/lib/python/site-packages/asyncpg/connection.py", line 2443, in connect
    return await connect_utils._connect(
  File "/Users/eugeniucazmal/Library/Python/3.9/lib/python/site-packages/asyncpg/connect_utils.py", line 1218, in _connect
    conn = await _connect_addr(
  File "/Users/eugeniucazmal/Library/Python/3.9/lib/python/site-packages/asyncpg/connect_utils.py", line 1050, in _connect_addr
    return await __connect_addr(params, False, *args)
  File "/Users/eugeniucazmal/Library/Python/3.9/lib/python/site-packages/asyncpg/connect_utils.py", line 1102, in __connect_addr
    await connected
asyncpg.exceptions.InternalServerError: MaxClientsInSessionMode: max clients reached - in Session mode max clients are limited to pool_size
INFO:     127.0.0.1:49814 - "GET /api/display/mev1 HTTP/1.1" 200 OK
INFO:     127.0.0.1:49764 - "GET /api/display/bc1 HTTP/1.1" 200 OK
INFO:     DEBUG: Incoming request from Origin: http://localhost:3000
INFO:     DEBUG: Incoming request from Origin: http://localhost:3000
INFO:     DEBUG: Incoming request from Origin: http://localhost:3000
INFO:     127.0.0.1:49844 - "GET /api/auth/me HTTP/1.1" 200 OK
INFO:     DEBUG: Incoming request from Origin: http://localhost:3000
INFO:     127.0.0.1:49837 - "GET /api/display/br1 HTTP/1.1" 200 OK
INFO:     DEBUG: Incoming request from Origin: http://localhost:3000
INFO:     127.0.0.1:49814 - "POST /api/screens/9e7578ba-4b61-4c41-b257-d7b968456383/heartbeat HTTP/1.1" 200 OK
INFO:     127.0.0.1:49854 - "POST /api/screens/379b4f70-10e3-454f-81db-e012844ee242/heartbeat HTTP/1.1" 200 OK
INFO:     DEBUG: Incoming request from Origin: http://localhost:3000
INFO:     127.0.0.1:49844 - "POST /api/screens/3182fb15-e2f2-4a6a-b60b-10661378ebd6/heartbeat HTTP/1.1" 200 OK
INFO:     127.0.0.1:49814 - "POST /api/screens/e6c1dc53-f66a-41a6-b56b-5333cb7168f6/heartbeat HTTP/1.1" 200 OK
INFO:     127.0.0.1:49837 - "GET /api/auth/me HTTP/1.1" 200 OK
INFO:     DEBUG: Incoming request from Origin: http://localhost:3000
INFO:     127.0.0.1:49764 - "GET /api/display/bc1 HTTP/1.1" 500 Internal Server Error
ERROR:    Exception in ASGI application
Traceback (most recent call last):
  File "/Users/eugeniucazmal/Library/Python/3.9/lib/python/site-packages/uvicorn/protocols/http/h11_impl.py", line 409, in run_asgi
    result = await app(  # type: ignore[func-returns-value]
  File "/Users/eugeniucazmal/Library/Python/3.9/lib/python/site-packages/uvicorn/middleware/proxy_headers.py", line 60, in __call__
    return await self.app(scope, receive, send)
  File "/Users/eugeniucazmal/Library/Python/3.9/lib/python/site-packages/fastapi/applications.py", line 1135, in __call__
    await super().__call__(scope, receive, send)
  File "/Users/eugeniucazmal/Library/Python/3.9/lib/python/site-packages/starlette/applications.py", line 113, in __call__
    await self.middleware_stack(scope, receive, send)
  File "/Users/eugeniucazmal/Library/Python/3.9/lib/python/site-packages/starlette/middleware/errors.py", line 186, in __call__
    raise exc
  File "/Users/eugeniucazmal/Library/Python/3.9/lib/python/site-packages/starlette/middleware/errors.py", line 164, in __call__
    await self.app(scope, receive, _send)
  File "/Users/eugeniucazmal/Library/Python/3.9/lib/python/site-packages/starlette/middleware/base.py", line 196, in __call__
    recv_stream.close()
  File "/Library/Developer/CommandLineTools/Library/Frameworks/Python3.framework/Versions/3.9/lib/python3.9/contextlib.py", line 135, in __exit__
    self.gen.throw(type, value, traceback)
  File "/Users/eugeniucazmal/Library/Python/3.9/lib/python/site-packages/starlette/_utils.py", line 85, in collapse_excgroups
    raise exc
  File "/Users/eugeniucazmal/Library/Python/3.9/lib/python/site-packages/starlette/middleware/base.py", line 193, in __call__
    response = await self.dispatch_func(request, call_next)
  File "/Users/eugeniucazmal/Downloads/dev_office/tv_screen_emer/tv_screen-main/backend/server.py", line 235, in log_origin_middleware
    return await call_next(request)
  File "/Users/eugeniucazmal/Library/Python/3.9/lib/python/site-packages/starlette/middleware/base.py", line 168, in call_next
    raise app_exc from app_exc.__cause__ or app_exc.__context__
  File "/Users/eugeniucazmal/Library/Python/3.9/lib/python/site-packages/starlette/middleware/base.py", line 144, in coro
    await self.app(scope, receive_or_disconnect, send_no_error)
  File "/Users/eugeniucazmal/Library/Python/3.9/lib/python/site-packages/starlette/middleware/cors.py", line 93, in __call__
    await self.simple_response(scope, receive, send, request_headers=headers)
  File "/Users/eugeniucazmal/Library/Python/3.9/lib/python/site-packages/starlette/middleware/cors.py", line 144, in simple_response
    await self.app(scope, receive, send)
  File "/Users/eugeniucazmal/Library/Python/3.9/lib/python/site-packages/starlette/middleware/exceptions.py", line 63, in __call__
    await wrap_app_handling_exceptions(self.app, conn)(scope, receive, send)
  File "/Users/eugeniucazmal/Library/Python/3.9/lib/python/site-packages/starlette/_exception_handler.py", line 53, in wrapped_app
    raise exc
  File "/Users/eugeniucazmal/Library/Python/3.9/lib/python/site-packages/starlette/_exception_handler.py", line 42, in wrapped_app
    await app(scope, receive, sender)
  File "/Users/eugeniucazmal/Library/Python/3.9/lib/python/site-packages/fastapi/middleware/asyncexitstack.py", line 18, in __call__
    await self.app(scope, receive, send)
  File "/Users/eugeniucazmal/Library/Python/3.9/lib/python/site-packages/starlette/routing.py", line 716, in __call__
    await self.middleware_stack(scope, receive, send)
  File "/Users/eugeniucazmal/Library/Python/3.9/lib/python/site-packages/starlette/routing.py", line 736, in app
    await route.handle(scope, receive, send)
  File "/Users/eugeniucazmal/Library/Python/3.9/lib/python/site-packages/starlette/routing.py", line 290, in handle
    await self.app(scope, receive, send)
  File "/Users/eugeniucazmal/Library/Python/3.9/lib/python/site-packages/fastapi/routing.py", line 115, in app
    await wrap_app_handling_exceptions(app, request)(scope, receive, send)
  File "/Users/eugeniucazmal/Library/Python/3.9/lib/python/site-packages/starlette/_exception_handler.py", line 53, in wrapped_app
    raise exc
  File "/Users/eugeniucazmal/Library/Python/3.9/lib/python/site-packages/starlette/_exception_handler.py", line 42, in wrapped_app
    await app(scope, receive, sender)
  File "/Users/eugeniucazmal/Library/Python/3.9/lib/python/site-packages/fastapi/routing.py", line 101, in app
    response = await f(request)
  File "/Users/eugeniucazmal/Library/Python/3.9/lib/python/site-packages/fastapi/routing.py", line 355, in app
    raw_response = await run_endpoint_function(
  File "/Users/eugeniucazmal/Library/Python/3.9/lib/python/site-packages/fastapi/routing.py", line 243, in run_endpoint_function
    return await dependant.call(**values)
  File "/Users/eugeniucazmal/Downloads/dev_office/tv_screen_emer/tv_screen-main/backend/server.py", line 1875, in get_display_data
    screen = await screen_get_by_slug(slug)
  File "/Users/eugeniucazmal/Downloads/dev_office/tv_screen_emer/tv_screen-main/backend/db.py", line 362, in screen_get_by_slug
    return await _fetch_one("SELECT * FROM screens WHERE slug = $1", slug)
  File "/Users/eugeniucazmal/Downloads/dev_office/tv_screen_emer/tv_screen-main/backend/db.py", line 189, in _fetch_one
    async with pool.acquire() as c:
  File "/Users/eugeniucazmal/Library/Python/3.9/lib/python/site-packages/asyncpg/pool.py", line 1056, in __aenter__
    self.connection = await self.pool._acquire(self.timeout)
  File "/Users/eugeniucazmal/Library/Python/3.9/lib/python/site-packages/asyncpg/pool.py", line 896, in _acquire
    return await _acquire_impl()
  File "/Users/eugeniucazmal/Library/Python/3.9/lib/python/site-packages/asyncpg/pool.py", line 881, in _acquire_impl
    proxy = await ch.acquire()  # type: PoolConnectionProxy
  File "/Users/eugeniucazmal/Library/Python/3.9/lib/python/site-packages/asyncpg/pool.py", line 161, in acquire
    await self.connect()
  File "/Users/eugeniucazmal/Library/Python/3.9/lib/python/site-packages/asyncpg/pool.py", line 153, in connect
    self._con = await self._pool._get_new_connection()
  File "/Users/eugeniucazmal/Library/Python/3.9/lib/python/site-packages/asyncpg/pool.py", line 538, in _get_new_connection
    con = await self._connect(
  File "/Users/eugeniucazmal/Library/Python/3.9/lib/python/site-packages/asyncpg/connection.py", line 2443, in connect
    return await connect_utils._connect(
  File "/Users/eugeniucazmal/Library/Python/3.9/lib/python/site-packages/asyncpg/connect_utils.py", line 1218, in _connect
    conn = await _connect_addr(
  File "/Users/eugeniucazmal/Library/Python/3.9/lib/python/site-packages/asyncpg/connect_utils.py", line 1050, in _connect_addr
    return await __connect_addr(params, False, *args)
  File "/Users/eugeniucazmal/Library/Python/3.9/lib/python/site-packages/asyncpg/connect_utils.py", line 1102, in __connect_addr
    await connected
asyncpg.exceptions.InternalServerError: MaxClientsInSessionMode: max clients reached - in Session mode max clients are limited to pool_size
INFO:     127.0.0.1:49814 - "GET /api/auth/me HTTP/1.1" 200 OK
INFO:     DEBUG: Incoming request from Origin: http://localhost:3000
INFO:     127.0.0.1:49837 - "GET /api/auth/me HTTP/1.1" 200 OK
INFO:     DEBUG: Incoming request from Origin: http://localhost:3000
INFO:     127.0.0.1:49839 - "GET /api/display/bc2 HTTP/1.1" 200 OK
INFO:     127.0.0.1:49837 - "GET /api/auth/me HTTP/1.1" 200 OK
INFO:     DEBUG: Incoming request from Origin: http://localhost:3000
INFO:     127.0.0.1:49839 - "POST /api/screens/9e7578ba-4b61-4c41-b257-d7b968456383/heartbeat HTTP/1.1" 200 OK
INFO:     DEBUG: Incoming request from Origin: http://localhost:3000
INFO:     DEBUG: Incoming request from Origin: http://localhost:3000
INFO:     DEBUG: Incoming request from Origin: http://localhost:3000
2026-02-11 12:08:24,982 - server - INFO - FETCHING FOLDERS...
INFO:     127.0.0.1:49895 - "GET /api/content HTTP/1.1" 200 OK
INFO:     127.0.0.1:49898 - "GET /api/content/folders HTTP/1.1" 200 OK
INFO:     DEBUG: Incoming request from Origin: http://localhost:3000
INFO:     DEBUG: Incoming request from Origin: http://localhost:3000
2026-02-11 12:08:25,308 - server - INFO - FETCHING FOLDERS...
INFO:     127.0.0.1:49899 - "GET /api/screens HTTP/1.1" 500 Internal Server Error
ERROR:    Exception in ASGI application
Traceback (most recent call last):
  File "/Users/eugeniucazmal/Library/Python/3.9/lib/python/site-packages/uvicorn/protocols/http/h11_impl.py", line 409, in run_asgi
    result = await app(  # type: ignore[func-returns-value]
  File "/Users/eugeniucazmal/Library/Python/3.9/lib/python/site-packages/uvicorn/middleware/proxy_headers.py", line 60, in __call__
    return await self.app(scope, receive, send)
  File "/Users/eugeniucazmal/Library/Python/3.9/lib/python/site-packages/fastapi/applications.py", line 1135, in __call__
    await super().__call__(scope, receive, send)
  File "/Users/eugeniucazmal/Library/Python/3.9/lib/python/site-packages/starlette/applications.py", line 113, in __call__
    await self.middleware_stack(scope, receive, send)
  File "/Users/eugeniucazmal/Library/Python/3.9/lib/python/site-packages/starlette/middleware/errors.py", line 186, in __call__
    raise exc
  File "/Users/eugeniucazmal/Library/Python/3.9/lib/python/site-packages/starlette/middleware/errors.py", line 164, in __call__
    await self.app(scope, receive, _send)
  File "/Users/eugeniucazmal/Library/Python/3.9/lib/python/site-packages/starlette/middleware/base.py", line 196, in __call__
    recv_stream.close()
  File "/Library/Developer/CommandLineTools/Library/Frameworks/Python3.framework/Versions/3.9/lib/python3.9/contextlib.py", line 135, in __exit__
    self.gen.throw(type, value, traceback)
  File "/Users/eugeniucazmal/Library/Python/3.9/lib/python/site-packages/starlette/_utils.py", line 85, in collapse_excgroups
    raise exc
  File "/Users/eugeniucazmal/Library/Python/3.9/lib/python/site-packages/starlette/middleware/base.py", line 193, in __call__
    response = await self.dispatch_func(request, call_next)
  File "/Users/eugeniucazmal/Downloads/dev_office/tv_screen_emer/tv_screen-main/backend/server.py", line 235, in log_origin_middleware
    return await call_next(request)
  File "/Users/eugeniucazmal/Library/Python/3.9/lib/python/site-packages/starlette/middleware/base.py", line 168, in call_next
    raise app_exc from app_exc.__cause__ or app_exc.__context__
  File "/Users/eugeniucazmal/Library/Python/3.9/lib/python/site-packages/starlette/middleware/base.py", line 144, in coro
    await self.app(scope, receive_or_disconnect, send_no_error)
  File "/Users/eugeniucazmal/Library/Python/3.9/lib/python/site-packages/starlette/middleware/cors.py", line 93, in __call__
    await self.simple_response(scope, receive, send, request_headers=headers)
  File "/Users/eugeniucazmal/Library/Python/3.9/lib/python/site-packages/starlette/middleware/cors.py", line 144, in simple_response
    await self.app(scope, receive, send)
  File "/Users/eugeniucazmal/Library/Python/3.9/lib/python/site-packages/starlette/middleware/exceptions.py", line 63, in __call__
    await wrap_app_handling_exceptions(self.app, conn)(scope, receive, send)
  File "/Users/eugeniucazmal/Library/Python/3.9/lib/python/site-packages/starlette/_exception_handler.py", line 53, in wrapped_app
    raise exc
  File "/Users/eugeniucazmal/Library/Python/3.9/lib/python/site-packages/starlette/_exception_handler.py", line 42, in wrapped_app
    await app(scope, receive, sender)
  File "/Users/eugeniucazmal/Library/Python/3.9/lib/python/site-packages/fastapi/middleware/asyncexitstack.py", line 18, in __call__
    await self.app(scope, receive, send)
  File "/Users/eugeniucazmal/Library/Python/3.9/lib/python/site-packages/starlette/routing.py", line 716, in __call__
    await self.middleware_stack(scope, receive, send)
  File "/Users/eugeniucazmal/Library/Python/3.9/lib/python/site-packages/starlette/routing.py", line 736, in app
    await route.handle(scope, receive, send)
  File "/Users/eugeniucazmal/Library/Python/3.9/lib/python/site-packages/starlette/routing.py", line 290, in handle
    await self.app(scope, receive, send)
  File "/Users/eugeniucazmal/Library/Python/3.9/lib/python/site-packages/fastapi/routing.py", line 115, in app
    await wrap_app_handling_exceptions(app, request)(scope, receive, send)
  File "/Users/eugeniucazmal/Library/Python/3.9/lib/python/site-packages/starlette/_exception_handler.py", line 53, in wrapped_app
    raise exc
  File "/Users/eugeniucazmal/Library/Python/3.9/lib/python/site-packages/starlette/_exception_handler.py", line 42, in wrapped_app
    await app(scope, receive, sender)
  File "/Users/eugeniucazmal/Library/Python/3.9/lib/python/site-packages/fastapi/routing.py", line 101, in app
    response = await f(request)
  File "/Users/eugeniucazmal/Library/Python/3.9/lib/python/site-packages/fastapi/routing.py", line 345, in app
    solved_result = await solve_dependencies(
  File "/Users/eugeniucazmal/Library/Python/3.9/lib/python/site-packages/fastapi/dependencies/utils.py", line 643, in solve_dependencies
    solved = await call(**solved_result.values)
  File "/Users/eugeniucazmal/Downloads/dev_office/tv_screen_emer/tv_screen-main/backend/server.py", line 598, in get_current_user
    user_doc = await user_get_by_email(email)
  File "/Users/eugeniucazmal/Downloads/dev_office/tv_screen_emer/tv_screen-main/backend/db.py", line 216, in user_get_by_email
    return await _fetch_one("SELECT * FROM users WHERE email = $1", email)
  File "/Users/eugeniucazmal/Downloads/dev_office/tv_screen_emer/tv_screen-main/backend/db.py", line 189, in _fetch_one
    async with pool.acquire() as c:
  File "/Users/eugeniucazmal/Library/Python/3.9/lib/python/site-packages/asyncpg/pool.py", line 1056, in __aenter__
    self.connection = await self.pool._acquire(self.timeout)
  File "/Users/eugeniucazmal/Library/Python/3.9/lib/python/site-packages/asyncpg/pool.py", line 896, in _acquire
    return await _acquire_impl()
  File "/Users/eugeniucazmal/Library/Python/3.9/lib/python/site-packages/asyncpg/pool.py", line 881, in _acquire_impl
    proxy = await ch.acquire()  # type: PoolConnectionProxy
  File "/Users/eugeniucazmal/Library/Python/3.9/lib/python/site-packages/asyncpg/pool.py", line 161, in acquire
    await self.connect()
  File "/Users/eugeniucazmal/Library/Python/3.9/lib/python/site-packages/asyncpg/pool.py", line 153, in connect
    self._con = await self._pool._get_new_connection()
  File "/Users/eugeniucazmal/Library/Python/3.9/lib/python/site-packages/asyncpg/pool.py", line 538, in _get_new_connection
    con = await self._connect(
  File "/Users/eugeniucazmal/Library/Python/3.9/lib/python/site-packages/asyncpg/connection.py", line 2443, in connect
    return await connect_utils._connect(
  File "/Users/eugeniucazmal/Library/Python/3.9/lib/python/site-packages/asyncpg/connect_utils.py", line 1218, in _connect
    conn = await _connect_addr(
  File "/Users/eugeniucazmal/Library/Python/3.9/lib/python/site-packages/asyncpg/connect_utils.py", line 1050, in _connect_addr
    return await __connect_addr(params, False, *args)
  File "/Users/eugeniucazmal/Library/Python/3.9/lib/python/site-packages/asyncpg/connect_utils.py", line 1102, in __connect_addr
    await connected
asyncpg.exceptions.InternalServerError: MaxClientsInSessionMode: max clients reached - in Session mode max clients are limited to pool_size
INFO:     DEBUG: Incoming request from Origin: http://localhost:3000
INFO:     127.0.0.1:49895 - "GET /api/content/folders HTTP/1.1" 200 OK
INFO:     127.0.0.1:49898 - "GET /api/content HTTP/1.1" 200 OK
INFO:     127.0.0.1:49902 - "GET /api/screens HTTP/1.1" 500 Internal Server Error
ERROR:    Exception in ASGI application
Traceback (most recent call last):
  File "/Users/eugeniucazmal/Library/Python/3.9/lib/python/site-packages/uvicorn/protocols/http/h11_impl.py", line 409, in run_asgi
    result = await app(  # type: ignore[func-returns-value]
  File "/Users/eugeniucazmal/Library/Python/3.9/lib/python/site-packages/uvicorn/middleware/proxy_headers.py", line 60, in __call__
    return await self.app(scope, receive, send)
  File "/Users/eugeniucazmal/Library/Python/3.9/lib/python/site-packages/fastapi/applications.py", line 1135, in __call__
    await super().__call__(scope, receive, send)
  File "/Users/eugeniucazmal/Library/Python/3.9/lib/python/site-packages/starlette/applications.py", line 113, in __call__
    await self.middleware_stack(scope, receive, send)
  File "/Users/eugeniucazmal/Library/Python/3.9/lib/python/site-packages/starlette/middleware/errors.py", line 186, in __call__
    raise exc
  File "/Users/eugeniucazmal/Library/Python/3.9/lib/python/site-packages/starlette/middleware/errors.py", line 164, in __call__
    await self.app(scope, receive, _send)
  File "/Users/eugeniucazmal/Library/Python/3.9/lib/python/site-packages/starlette/middleware/base.py", line 196, in __call__
    recv_stream.close()
  File "/Library/Developer/CommandLineTools/Library/Frameworks/Python3.framework/Versions/3.9/lib/python3.9/contextlib.py", line 135, in __exit__
    self.gen.throw(type, value, traceback)
  File "/Users/eugeniucazmal/Library/Python/3.9/lib/python/site-packages/starlette/_utils.py", line 85, in collapse_excgroups
    raise exc
  File "/Users/eugeniucazmal/Library/Python/3.9/lib/python/site-packages/starlette/middleware/base.py", line 193, in __call__
    response = await self.dispatch_func(request, call_next)
  File "/Users/eugeniucazmal/Downloads/dev_office/tv_screen_emer/tv_screen-main/backend/server.py", line 235, in log_origin_middleware
    return await call_next(request)
  File "/Users/eugeniucazmal/Library/Python/3.9/lib/python/site-packages/starlette/middleware/base.py", line 168, in call_next
    raise app_exc from app_exc.__cause__ or app_exc.__context__
  File "/Users/eugeniucazmal/Library/Python/3.9/lib/python/site-packages/starlette/middleware/base.py", line 144, in coro
    await self.app(scope, receive_or_disconnect, send_no_error)
  File "/Users/eugeniucazmal/Library/Python/3.9/lib/python/site-packages/starlette/middleware/cors.py", line 93, in __call__
    await self.simple_response(scope, receive, send, request_headers=headers)
  File "/Users/eugeniucazmal/Library/Python/3.9/lib/python/site-packages/starlette/middleware/cors.py", line 144, in simple_response
    await self.app(scope, receive, send)
  File "/Users/eugeniucazmal/Library/Python/3.9/lib/python/site-packages/starlette/middleware/exceptions.py", line 63, in __call__
    await wrap_app_handling_exceptions(self.app, conn)(scope, receive, send)
  File "/Users/eugeniucazmal/Library/Python/3.9/lib/python/site-packages/starlette/_exception_handler.py", line 53, in wrapped_app
    raise exc
  File "/Users/eugeniucazmal/Library/Python/3.9/lib/python/site-packages/starlette/_exception_handler.py", line 42, in wrapped_app
    await app(scope, receive, sender)
  File "/Users/eugeniucazmal/Library/Python/3.9/lib/python/site-packages/fastapi/middleware/asyncexitstack.py", line 18, in __call__
    await self.app(scope, receive, send)
  File "/Users/eugeniucazmal/Library/Python/3.9/lib/python/site-packages/starlette/routing.py", line 716, in __call__
    await self.middleware_stack(scope, receive, send)
  File "/Users/eugeniucazmal/Library/Python/3.9/lib/python/site-packages/starlette/routing.py", line 736, in app
    await route.handle(scope, receive, send)
  File "/Users/eugeniucazmal/Library/Python/3.9/lib/python/site-packages/starlette/routing.py", line 290, in handle
    await self.app(scope, receive, send)
  File "/Users/eugeniucazmal/Library/Python/3.9/lib/python/site-packages/fastapi/routing.py", line 115, in app
    await wrap_app_handling_exceptions(app, request)(scope, receive, send)
  File "/Users/eugeniucazmal/Library/Python/3.9/lib/python/site-packages/starlette/_exception_handler.py", line 53, in wrapped_app
    raise exc
  File "/Users/eugeniucazmal/Library/Python/3.9/lib/python/site-packages/starlette/_exception_handler.py", line 42, in wrapped_app
    await app(scope, receive, sender)
  File "/Users/eugeniucazmal/Library/Python/3.9/lib/python/site-packages/fastapi/routing.py", line 101, in app
    response = await f(request)
  File "/Users/eugeniucazmal/Library/Python/3.9/lib/python/site-packages/fastapi/routing.py", line 345, in app
    solved_result = await solve_dependencies(
  File "/Users/eugeniucazmal/Library/Python/3.9/lib/python/site-packages/fastapi/dependencies/utils.py", line 643, in solve_dependencies
    solved = await call(**solved_result.values)
  File "/Users/eugeniucazmal/Downloads/dev_office/tv_screen_emer/tv_screen-main/backend/server.py", line 598, in get_current_user
    user_doc = await user_get_by_email(email)
  File "/Users/eugeniucazmal/Downloads/dev_office/tv_screen_emer/tv_screen-main/backend/db.py", line 216, in user_get_by_email
    return await _fetch_one("SELECT * FROM users WHERE email = $1", email)
  File "/Users/eugeniucazmal/Downloads/dev_office/tv_screen_emer/tv_screen-main/backend/db.py", line 189, in _fetch_one
    async with pool.acquire() as c:
  File "/Users/eugeniucazmal/Library/Python/3.9/lib/python/site-packages/asyncpg/pool.py", line 1056, in __aenter__
    self.connection = await self.pool._acquire(self.timeout)
  File "/Users/eugeniucazmal/Library/Python/3.9/lib/python/site-packages/asyncpg/pool.py", line 896, in _acquire
    return await _acquire_impl()
  File "/Users/eugeniucazmal/Library/Python/3.9/lib/python/site-packages/asyncpg/pool.py", line 881, in _acquire_impl
    proxy = await ch.acquire()  # type: PoolConnectionProxy
  File "/Users/eugeniucazmal/Library/Python/3.9/lib/python/site-packages/asyncpg/pool.py", line 161, in acquire
    await self.connect()
  File "/Users/eugeniucazmal/Library/Python/3.9/lib/python/site-packages/asyncpg/pool.py", line 153, in connect
    self._con = await self._pool._get_new_connection()
  File "/Users/eugeniucazmal/Library/Python/3.9/lib/python/site-packages/asyncpg/pool.py", line 538, in _get_new_connection
    con = await self._connect(
  File "/Users/eugeniucazmal/Library/Python/3.9/lib/python/site-packages/asyncpg/connection.py", line 2443, in connect
    return await connect_utils._connect(
  File "/Users/eugeniucazmal/Library/Python/3.9/lib/python/site-packages/asyncpg/connect_utils.py", line 1218, in _connect
    conn = await _connect_addr(
  File "/Users/eugeniucazmal/Library/Python/3.9/lib/python/site-packages/asyncpg/connect_utils.py", line 1050, in _connect_addr
    return await __connect_addr(params, False, *args)
  File "/Users/eugeniucazmal/Library/Python/3.9/lib/python/site-packages/asyncpg/connect_utils.py", line 1102, in __connect_addr
    await connected
asyncpg.exceptions.InternalServerError: MaxClientsInSessionMode: max clients reached - in Session mode max clients are limited to pool_size
INFO:     DEBUG: Incoming request from Origin: http://localhost:3000
INFO:     DEBUG: Incoming request from Origin: http://localhost:3000
INFO:     DEBUG: Incoming request from Origin: http://localhost:3000
INFO:     DEBUG: Incoming request from Origin: http://localhost:3000
INFO:     DEBUG: Incoming request from Origin: http://localhost:3000
INFO:     127.0.0.1:49928 - "OPTIONS /api/screen-sync/groups HTTP/1.1" 200 OK
INFO:     127.0.0.1:49931 - "OPTIONS /api/screen-sync/groups HTTP/1.1" 200 OK
INFO:     DEBUG: Incoming request from Origin: http://localhost:3000
INFO:     127.0.0.1:49929 - "GET /api/content HTTP/1.1" 200 OK
INFO:     DEBUG: Incoming request from Origin: http://localhost:3000
INFO:     127.0.0.1:49928 - "GET /api/screen-sync/groups HTTP/1.1" 200 OK
INFO:     127.0.0.1:49895 - "GET /api/locations HTTP/1.1" 200 OK
INFO:     DEBUG: Incoming request from Origin: http://localhost:3000
INFO:     DEBUG: Incoming request from Origin: http://localhost:3000
INFO:     127.0.0.1:49898 - "GET /api/screens HTTP/1.1" 500 Internal Server Error
ERROR:    Exception in ASGI application
Traceback (most recent call last):
  File "/Users/eugeniucazmal/Library/Python/3.9/lib/python/site-packages/uvicorn/protocols/http/h11_impl.py", line 409, in run_asgi
    result = await app(  # type: ignore[func-returns-value]
  File "/Users/eugeniucazmal/Library/Python/3.9/lib/python/site-packages/uvicorn/middleware/proxy_headers.py", line 60, in __call__
    return await self.app(scope, receive, send)
  File "/Users/eugeniucazmal/Library/Python/3.9/lib/python/site-packages/fastapi/applications.py", line 1135, in __call__
    await super().__call__(scope, receive, send)
  File "/Users/eugeniucazmal/Library/Python/3.9/lib/python/site-packages/starlette/applications.py", line 113, in __call__
    await self.middleware_stack(scope, receive, send)
  File "/Users/eugeniucazmal/Library/Python/3.9/lib/python/site-packages/starlette/middleware/errors.py", line 186, in __call__
    raise exc
  File "/Users/eugeniucazmal/Library/Python/3.9/lib/python/site-packages/starlette/middleware/errors.py", line 164, in __call__
    await self.app(scope, receive, _send)
  File "/Users/eugeniucazmal/Library/Python/3.9/lib/python/site-packages/starlette/middleware/base.py", line 196, in __call__
    recv_stream.close()
  File "/Library/Developer/CommandLineTools/Library/Frameworks/Python3.framework/Versions/3.9/lib/python3.9/contextlib.py", line 135, in __exit__
    self.gen.throw(type, value, traceback)
  File "/Users/eugeniucazmal/Library/Python/3.9/lib/python/site-packages/starlette/_utils.py", line 85, in collapse_excgroups
    raise exc
  File "/Users/eugeniucazmal/Library/Python/3.9/lib/python/site-packages/starlette/middleware/base.py", line 193, in __call__
    response = await self.dispatch_func(request, call_next)
  File "/Users/eugeniucazmal/Downloads/dev_office/tv_screen_emer/tv_screen-main/backend/server.py", line 235, in log_origin_middleware
    return await call_next(request)
  File "/Users/eugeniucazmal/Library/Python/3.9/lib/python/site-packages/starlette/middleware/base.py", line 168, in call_next
    raise app_exc from app_exc.__cause__ or app_exc.__context__
  File "/Users/eugeniucazmal/Library/Python/3.9/lib/python/site-packages/starlette/middleware/base.py", line 144, in coro
    await self.app(scope, receive_or_disconnect, send_no_error)
  File "/Users/eugeniucazmal/Library/Python/3.9/lib/python/site-packages/starlette/middleware/cors.py", line 93, in __call__
    await self.simple_response(scope, receive, send, request_headers=headers)
  File "/Users/eugeniucazmal/Library/Python/3.9/lib/python/site-packages/starlette/middleware/cors.py", line 144, in simple_response
    await self.app(scope, receive, send)
  File "/Users/eugeniucazmal/Library/Python/3.9/lib/python/site-packages/starlette/middleware/exceptions.py", line 63, in __call__
    await wrap_app_handling_exceptions(self.app, conn)(scope, receive, send)
  File "/Users/eugeniucazmal/Library/Python/3.9/lib/python/site-packages/starlette/_exception_handler.py", line 53, in wrapped_app
    raise exc
  File "/Users/eugeniucazmal/Library/Python/3.9/lib/python/site-packages/starlette/_exception_handler.py", line 42, in wrapped_app
    await app(scope, receive, sender)
  File "/Users/eugeniucazmal/Library/Python/3.9/lib/python/site-packages/fastapi/middleware/asyncexitstack.py", line 18, in __call__
    await self.app(scope, receive, send)
  File "/Users/eugeniucazmal/Library/Python/3.9/lib/python/site-packages/starlette/routing.py", line 716, in __call__
    await self.middleware_stack(scope, receive, send)
  File "/Users/eugeniucazmal/Library/Python/3.9/lib/python/site-packages/starlette/routing.py", line 736, in app
    await route.handle(scope, receive, send)
  File "/Users/eugeniucazmal/Library/Python/3.9/lib/python/site-packages/starlette/routing.py", line 290, in handle
    await self.app(scope, receive, send)
  File "/Users/eugeniucazmal/Library/Python/3.9/lib/python/site-packages/fastapi/routing.py", line 115, in app
    await wrap_app_handling_exceptions(app, request)(scope, receive, send)
  File "/Users/eugeniucazmal/Library/Python/3.9/lib/python/site-packages/starlette/_exception_handler.py", line 53, in wrapped_app
    raise exc
  File "/Users/eugeniucazmal/Library/Python/3.9/lib/python/site-packages/starlette/_exception_handler.py", line 42, in wrapped_app
    await app(scope, receive, sender)
  File "/Users/eugeniucazmal/Library/Python/3.9/lib/python/site-packages/fastapi/routing.py", line 101, in app
    response = await f(request)
  File "/Users/eugeniucazmal/Library/Python/3.9/lib/python/site-packages/fastapi/routing.py", line 345, in app
    solved_result = await solve_dependencies(
  File "/Users/eugeniucazmal/Library/Python/3.9/lib/python/site-packages/fastapi/dependencies/utils.py", line 643, in solve_dependencies
    solved = await call(**solved_result.values)
  File "/Users/eugeniucazmal/Downloads/dev_office/tv_screen_emer/tv_screen-main/backend/server.py", line 598, in get_current_user
    user_doc = await user_get_by_email(email)
  File "/Users/eugeniucazmal/Downloads/dev_office/tv_screen_emer/tv_screen-main/backend/db.py", line 216, in user_get_by_email
    return await _fetch_one("SELECT * FROM users WHERE email = $1", email)
  File "/Users/eugeniucazmal/Downloads/dev_office/tv_screen_emer/tv_screen-main/backend/db.py", line 189, in _fetch_one
    async with pool.acquire() as c:
  File "/Users/eugeniucazmal/Library/Python/3.9/lib/python/site-packages/asyncpg/pool.py", line 1056, in __aenter__
    self.connection = await self.pool._acquire(self.timeout)
  File "/Users/eugeniucazmal/Library/Python/3.9/lib/python/site-packages/asyncpg/pool.py", line 896, in _acquire
    return await _acquire_impl()
  File "/Users/eugeniucazmal/Library/Python/3.9/lib/python/site-packages/asyncpg/pool.py", line 881, in _acquire_impl
    proxy = await ch.acquire()  # type: PoolConnectionProxy
  File "/Users/eugeniucazmal/Library/Python/3.9/lib/python/site-packages/asyncpg/pool.py", line 161, in acquire
    await self.connect()
  File "/Users/eugeniucazmal/Library/Python/3.9/lib/python/site-packages/asyncpg/pool.py", line 153, in connect
    self._con = await self._pool._get_new_connection()
  File "/Users/eugeniucazmal/Library/Python/3.9/lib/python/site-packages/asyncpg/pool.py", line 538, in _get_new_connection
    con = await self._connect(
  File "/Users/eugeniucazmal/Library/Python/3.9/lib/python/site-packages/asyncpg/connection.py", line 2443, in connect
    return await connect_utils._connect(
  File "/Users/eugeniucazmal/Library/Python/3.9/lib/python/site-packages/asyncpg/connect_utils.py", line 1218, in _connect
    conn = await _connect_addr(
  File "/Users/eugeniucazmal/Library/Python/3.9/lib/python/site-packages/asyncpg/connect_utils.py", line 1050, in _connect_addr
    return await __connect_addr(params, False, *args)
  File "/Users/eugeniucazmal/Library/Python/3.9/lib/python/site-packages/asyncpg/connect_utils.py", line 1102, in __connect_addr
    await connected
asyncpg.exceptions.InternalServerError: MaxClientsInSessionMode: max clients reached - in Session mode max clients are limited to pool_size
INFO:     DEBUG: Incoming request from Origin: http://localhost:3000
INFO:     127.0.0.1:49931 - "GET /api/content HTTP/1.1" 200 OK
INFO:     DEBUG: Incoming request from Origin: http://localhost:3000
INFO:     DEBUG: Incoming request from Origin: http://localhost:3000
2026-02-11 12:08:29,969 - server - INFO - FETCHING FOLDERS...
INFO:     127.0.0.1:49928 - "GET /api/screen-sync/groups HTTP/1.1" 200 OK
INFO:     127.0.0.1:49895 - "GET /api/screens HTTP/1.1" 200 OK
INFO:     DEBUG: Incoming request from Origin: http://localhost:3000
INFO:     127.0.0.1:49931 - "GET /api/content HTTP/1.1" 200 OK
INFO:     127.0.0.1:49934 - "GET /api/content/folders HTTP/1.1" 200 OK
INFO:     DEBUG: Incoming request from Origin: http://localhost:3000
INFO:     DEBUG: Incoming request from Origin: http://localhost:3000
INFO:     127.0.0.1:49929 - "GET /api/locations HTTP/1.1" 500 Internal Server Error
ERROR:    Exception in ASGI application
Traceback (most recent call last):
  File "/Users/eugeniucazmal/Library/Python/3.9/lib/python/site-packages/uvicorn/protocols/http/h11_impl.py", line 409, in run_asgi
    result = await app(  # type: ignore[func-returns-value]
  File "/Users/eugeniucazmal/Library/Python/3.9/lib/python/site-packages/uvicorn/middleware/proxy_headers.py", line 60, in __call__
    return await self.app(scope, receive, send)
  File "/Users/eugeniucazmal/Library/Python/3.9/lib/python/site-packages/fastapi/applications.py", line 1135, in __call__
    await super().__call__(scope, receive, send)
  File "/Users/eugeniucazmal/Library/Python/3.9/lib/python/site-packages/starlette/applications.py", line 113, in __call__
    await self.middleware_stack(scope, receive, send)
  File "/Users/eugeniucazmal/Library/Python/3.9/lib/python/site-packages/starlette/middleware/errors.py", line 186, in __call__
    raise exc
  File "/Users/eugeniucazmal/Library/Python/3.9/lib/python/site-packages/starlette/middleware/errors.py", line 164, in __call__
    await self.app(scope, receive, _send)
  File "/Users/eugeniucazmal/Library/Python/3.9/lib/python/site-packages/starlette/middleware/base.py", line 196, in __call__
    recv_stream.close()
  File "/Library/Developer/CommandLineTools/Library/Frameworks/Python3.framework/Versions/3.9/lib/python3.9/contextlib.py", line 135, in __exit__
    self.gen.throw(type, value, traceback)
  File "/Users/eugeniucazmal/Library/Python/3.9/lib/python/site-packages/starlette/_utils.py", line 85, in collapse_excgroups
    raise exc
  File "/Users/eugeniucazmal/Library/Python/3.9/lib/python/site-packages/starlette/middleware/base.py", line 193, in __call__
    response = await self.dispatch_func(request, call_next)
  File "/Users/eugeniucazmal/Downloads/dev_office/tv_screen_emer/tv_screen-main/backend/server.py", line 235, in log_origin_middleware
    return await call_next(request)
  File "/Users/eugeniucazmal/Library/Python/3.9/lib/python/site-packages/starlette/middleware/base.py", line 168, in call_next
    raise app_exc from app_exc.__cause__ or app_exc.__context__
  File "/Users/eugeniucazmal/Library/Python/3.9/lib/python/site-packages/starlette/middleware/base.py", line 144, in coro
    await self.app(scope, receive_or_disconnect, send_no_error)
  File "/Users/eugeniucazmal/Library/Python/3.9/lib/python/site-packages/starlette/middleware/cors.py", line 93, in __call__
    await self.simple_response(scope, receive, send, request_headers=headers)
  File "/Users/eugeniucazmal/Library/Python/3.9/lib/python/site-packages/starlette/middleware/cors.py", line 144, in simple_response
    await self.app(scope, receive, send)
  File "/Users/eugeniucazmal/Library/Python/3.9/lib/python/site-packages/starlette/middleware/exceptions.py", line 63, in __call__
    await wrap_app_handling_exceptions(self.app, conn)(scope, receive, send)
  File "/Users/eugeniucazmal/Library/Python/3.9/lib/python/site-packages/starlette/_exception_handler.py", line 53, in wrapped_app
    raise exc
  File "/Users/eugeniucazmal/Library/Python/3.9/lib/python/site-packages/starlette/_exception_handler.py", line 42, in wrapped_app
    await app(scope, receive, sender)
  File "/Users/eugeniucazmal/Library/Python/3.9/lib/python/site-packages/fastapi/middleware/asyncexitstack.py", line 18, in __call__
    await self.app(scope, receive, send)
  File "/Users/eugeniucazmal/Library/Python/3.9/lib/python/site-packages/starlette/routing.py", line 716, in __call__
    await self.middleware_stack(scope, receive, send)
  File "/Users/eugeniucazmal/Library/Python/3.9/lib/python/site-packages/starlette/routing.py", line 736, in app
    await route.handle(scope, receive, send)
  File "/Users/eugeniucazmal/Library/Python/3.9/lib/python/site-packages/starlette/routing.py", line 290, in handle
    await self.app(scope, receive, send)
  File "/Users/eugeniucazmal/Library/Python/3.9/lib/python/site-packages/fastapi/routing.py", line 115, in app
    await wrap_app_handling_exceptions(app, request)(scope, receive, send)
  File "/Users/eugeniucazmal/Library/Python/3.9/lib/python/site-packages/starlette/_exception_handler.py", line 53, in wrapped_app
    raise exc
  File "/Users/eugeniucazmal/Library/Python/3.9/lib/python/site-packages/starlette/_exception_handler.py", line 42, in wrapped_app
    await app(scope, receive, sender)
  File "/Users/eugeniucazmal/Library/Python/3.9/lib/python/site-packages/fastapi/routing.py", line 101, in app
    response = await f(request)
  File "/Users/eugeniucazmal/Library/Python/3.9/lib/python/site-packages/fastapi/routing.py", line 355, in app
    raw_response = await run_endpoint_function(
  File "/Users/eugeniucazmal/Library/Python/3.9/lib/python/site-packages/fastapi/routing.py", line 243, in run_endpoint_function
    return await dependant.call(**values)
  File "/Users/eugeniucazmal/Downloads/dev_office/tv_screen_emer/tv_screen-main/backend/server.py", line 843, in get_locations
    all_locations = await locations_list()
  File "/Users/eugeniucazmal/Downloads/dev_office/tv_screen_emer/tv_screen-main/backend/db.py", line 328, in locations_list
    return await _fetch_all("SELECT * FROM locations LIMIT 1000")
  File "/Users/eugeniucazmal/Downloads/dev_office/tv_screen_emer/tv_screen-main/backend/db.py", line 196, in _fetch_all
    async with pool.acquire() as c:
  File "/Users/eugeniucazmal/Library/Python/3.9/lib/python/site-packages/asyncpg/pool.py", line 1056, in __aenter__
    self.connection = await self.pool._acquire(self.timeout)
  File "/Users/eugeniucazmal/Library/Python/3.9/lib/python/site-packages/asyncpg/pool.py", line 896, in _acquire
    return await _acquire_impl()
  File "/Users/eugeniucazmal/Library/Python/3.9/lib/python/site-packages/asyncpg/pool.py", line 881, in _acquire_impl
    proxy = await ch.acquire()  # type: PoolConnectionProxy
  File "/Users/eugeniucazmal/Library/Python/3.9/lib/python/site-packages/asyncpg/pool.py", line 161, in acquire
    await self.connect()
  File "/Users/eugeniucazmal/Library/Python/3.9/lib/python/site-packages/asyncpg/pool.py", line 153, in connect
    self._con = await self._pool._get_new_connection()
  File "/Users/eugeniucazmal/Library/Python/3.9/lib/python/site-packages/asyncpg/pool.py", line 538, in _get_new_connection
    con = await self._connect(
  File "/Users/eugeniucazmal/Library/Python/3.9/lib/python/site-packages/asyncpg/connection.py", line 2443, in connect
    return await connect_utils._connect(
  File "/Users/eugeniucazmal/Library/Python/3.9/lib/python/site-packages/asyncpg/connect_utils.py", line 1218, in _connect
    conn = await _connect_addr(
  File "/Users/eugeniucazmal/Library/Python/3.9/lib/python/site-packages/asyncpg/connect_utils.py", line 1050, in _connect_addr
    return await __connect_addr(params, False, *args)
  File "/Users/eugeniucazmal/Library/Python/3.9/lib/python/site-packages/asyncpg/connect_utils.py", line 1102, in __connect_addr
    await connected
asyncpg.exceptions.InternalServerError: MaxClientsInSessionMode: max clients reached - in Session mode max clients are limited to pool_size
2026-02-11 12:08:30,329 - server - INFO - FETCHING FOLDERS...
INFO:     127.0.0.1:49895 - "GET /api/screens HTTP/1.1" 200 OK
INFO:     DEBUG: Incoming request from Origin: http://localhost:3000
INFO:     127.0.0.1:49928 - "GET /api/content HTTP/1.1" 200 OK
INFO:     127.0.0.1:49931 - "GET /api/content/folders HTTP/1.1" 200 OK
INFO:     127.0.0.1:49895 - "GET /api/screens HTTP/1.1" 200 OK
INFO:     DEBUG: Incoming request from Origin: http://localhost:3000
INFO:     DEBUG: Incoming request from Origin: http://localhost:3000
INFO:     DEBUG: Incoming request from Origin: http://localhost:3000
INFO:     127.0.0.1:50433 - "OPTIONS /api/users HTTP/1.1" 200 OK
INFO:     127.0.0.1:50435 - "OPTIONS /api/users HTTP/1.1" 200 OK
INFO:     DEBUG: Incoming request from Origin: http://localhost:3000
INFO:     127.0.0.1:50434 - "GET /api/locations HTTP/1.1" 200 OK
INFO:     127.0.0.1:50433 - "GET /api/users HTTP/1.1" 200 OK
INFO:     DEBUG: Incoming request from Origin: http://localhost:3000
INFO:     DEBUG: Incoming request from Origin: http://localhost:3000
INFO:     127.0.0.1:50434 - "GET /api/users HTTP/1.1" 200 OK
INFO:     127.0.0.1:50435 - "GET /api/locations HTTP/1.1" 200 OK
INFO:     DEBUG: Incoming request from Origin: http://localhost:3000
INFO:     DEBUG: Incoming request from Origin: http://localhost:3000
INFO:     127.0.0.1:50566 - "GET /api/screens HTTP/1.1" 200 OK
INFO:     DEBUG: Incoming request from Origin: http://localhost:3000
INFO:     127.0.0.1:50567 - "GET /api/locations HTTP/1.1" 200 OK
INFO:     DEBUG: Incoming request from Origin: http://localhost:3000
INFO:     DEBUG: Incoming request from Origin: http://localhost:3000
INFO:     DEBUG: Incoming request from Origin: http://localhost:3000
INFO:     DEBUG: Incoming request from Origin: http://localhost:3000
INFO:     DEBUG: Incoming request from Origin: http://localhost:3000
INFO:     127.0.0.1:50566 - "GET /api/screens HTTP/1.1" 200 OK
INFO:     127.0.0.1:50569 - "GET /api/locations HTTP/1.1" 200 OK
INFO:     DEBUG: Incoming request from Origin: http://localhost:3000
INFO:     DEBUG: Incoming request from Origin: http://localhost:3000
INFO:     127.0.0.1:50566 - "GET /api/display/mev1 HTTP/1.1" 200 OK
INFO:     DEBUG: Incoming request from Origin: http://localhost:3000
INFO:     127.0.0.1:50593 - "GET /api/auth/me HTTP/1.1" 500 Internal Server Error
ERROR:    Exception in ASGI application
Traceback (most recent call last):
  File "/Users/eugeniucazmal/Library/Python/3.9/lib/python/site-packages/uvicorn/protocols/http/h11_impl.py", line 409, in run_asgi
    result = await app(  # type: ignore[func-returns-value]
  File "/Users/eugeniucazmal/Library/Python/3.9/lib/python/site-packages/uvicorn/middleware/proxy_headers.py", line 60, in __call__
    return await self.app(scope, receive, send)
  File "/Users/eugeniucazmal/Library/Python/3.9/lib/python/site-packages/fastapi/applications.py", line 1135, in __call__
    await super().__call__(scope, receive, send)
  File "/Users/eugeniucazmal/Library/Python/3.9/lib/python/site-packages/starlette/applications.py", line 113, in __call__
    await self.middleware_stack(scope, receive, send)
  File "/Users/eugeniucazmal/Library/Python/3.9/lib/python/site-packages/starlette/middleware/errors.py", line 186, in __call__
    raise exc
  File "/Users/eugeniucazmal/Library/Python/3.9/lib/python/site-packages/starlette/middleware/errors.py", line 164, in __call__
    await self.app(scope, receive, _send)
  File "/Users/eugeniucazmal/Library/Python/3.9/lib/python/site-packages/starlette/middleware/base.py", line 196, in __call__
    recv_stream.close()
  File "/Library/Developer/CommandLineTools/Library/Frameworks/Python3.framework/Versions/3.9/lib/python3.9/contextlib.py", line 135, in __exit__
    self.gen.throw(type, value, traceback)
  File "/Users/eugeniucazmal/Library/Python/3.9/lib/python/site-packages/starlette/_utils.py", line 85, in collapse_excgroups
    raise exc
  File "/Users/eugeniucazmal/Library/Python/3.9/lib/python/site-packages/starlette/middleware/base.py", line 193, in __call__
    response = await self.dispatch_func(request, call_next)
  File "/Users/eugeniucazmal/Downloads/dev_office/tv_screen_emer/tv_screen-main/backend/server.py", line 235, in log_origin_middleware
    return await call_next(request)
  File "/Users/eugeniucazmal/Library/Python/3.9/lib/python/site-packages/starlette/middleware/base.py", line 168, in call_next
    raise app_exc from app_exc.__cause__ or app_exc.__context__
  File "/Users/eugeniucazmal/Library/Python/3.9/lib/python/site-packages/starlette/middleware/base.py", line 144, in coro
    await self.app(scope, receive_or_disconnect, send_no_error)
  File "/Users/eugeniucazmal/Library/Python/3.9/lib/python/site-packages/starlette/middleware/cors.py", line 93, in __call__
    await self.simple_response(scope, receive, send, request_headers=headers)
  File "/Users/eugeniucazmal/Library/Python/3.9/lib/python/site-packages/starlette/middleware/cors.py", line 144, in simple_response
    await self.app(scope, receive, send)
  File "/Users/eugeniucazmal/Library/Python/3.9/lib/python/site-packages/starlette/middleware/exceptions.py", line 63, in __call__
    await wrap_app_handling_exceptions(self.app, conn)(scope, receive, send)
  File "/Users/eugeniucazmal/Library/Python/3.9/lib/python/site-packages/starlette/_exception_handler.py", line 53, in wrapped_app
    raise exc
  File "/Users/eugeniucazmal/Library/Python/3.9/lib/python/site-packages/starlette/_exception_handler.py", line 42, in wrapped_app
    await app(scope, receive, sender)
  File "/Users/eugeniucazmal/Library/Python/3.9/lib/python/site-packages/fastapi/middleware/asyncexitstack.py", line 18, in __call__
    await self.app(scope, receive, send)
  File "/Users/eugeniucazmal/Library/Python/3.9/lib/python/site-packages/starlette/routing.py", line 716, in __call__
    await self.middleware_stack(scope, receive, send)
  File "/Users/eugeniucazmal/Library/Python/3.9/lib/python/site-packages/starlette/routing.py", line 736, in app
    await route.handle(scope, receive, send)
  File "/Users/eugeniucazmal/Library/Python/3.9/lib/python/site-packages/starlette/routing.py", line 290, in handle
    await self.app(scope, receive, send)
  File "/Users/eugeniucazmal/Library/Python/3.9/lib/python/site-packages/fastapi/routing.py", line 115, in app
    await wrap_app_handling_exceptions(app, request)(scope, receive, send)
  File "/Users/eugeniucazmal/Library/Python/3.9/lib/python/site-packages/starlette/_exception_handler.py", line 53, in wrapped_app
    raise exc
  File "/Users/eugeniucazmal/Library/Python/3.9/lib/python/site-packages/starlette/_exception_handler.py", line 42, in wrapped_app
    await app(scope, receive, sender)
  File "/Users/eugeniucazmal/Library/Python/3.9/lib/python/site-packages/fastapi/routing.py", line 101, in app
    response = await f(request)
  File "/Users/eugeniucazmal/Library/Python/3.9/lib/python/site-packages/fastapi/routing.py", line 345, in app
    solved_result = await solve_dependencies(
  File "/Users/eugeniucazmal/Library/Python/3.9/lib/python/site-packages/fastapi/dependencies/utils.py", line 643, in solve_dependencies
    solved = await call(**solved_result.values)
  File "/Users/eugeniucazmal/Downloads/dev_office/tv_screen_emer/tv_screen-main/backend/server.py", line 598, in get_current_user
    user_doc = await user_get_by_email(email)
  File "/Users/eugeniucazmal/Downloads/dev_office/tv_screen_emer/tv_screen-main/backend/db.py", line 216, in user_get_by_email
    return await _fetch_one("SELECT * FROM users WHERE email = $1", email)
  File "/Users/eugeniucazmal/Downloads/dev_office/tv_screen_emer/tv_screen-main/backend/db.py", line 189, in _fetch_one
    async with pool.acquire() as c:
  File "/Users/eugeniucazmal/Library/Python/3.9/lib/python/site-packages/asyncpg/pool.py", line 1056, in __aenter__
    self.connection = await self.pool._acquire(self.timeout)
  File "/Users/eugeniucazmal/Library/Python/3.9/lib/python/site-packages/asyncpg/pool.py", line 896, in _acquire
    return await _acquire_impl()
  File "/Users/eugeniucazmal/Library/Python/3.9/lib/python/site-packages/asyncpg/pool.py", line 881, in _acquire_impl
    proxy = await ch.acquire()  # type: PoolConnectionProxy
  File "/Users/eugeniucazmal/Library/Python/3.9/lib/python/site-packages/asyncpg/pool.py", line 161, in acquire
    await self.connect()
  File "/Users/eugeniucazmal/Library/Python/3.9/lib/python/site-packages/asyncpg/pool.py", line 153, in connect
    self._con = await self._pool._get_new_connection()
  File "/Users/eugeniucazmal/Library/Python/3.9/lib/python/site-packages/asyncpg/pool.py", line 538, in _get_new_connection
    con = await self._connect(
  File "/Users/eugeniucazmal/Library/Python/3.9/lib/python/site-packages/asyncpg/connection.py", line 2443, in connect
    return await connect_utils._connect(
  File "/Users/eugeniucazmal/Library/Python/3.9/lib/python/site-packages/asyncpg/connect_utils.py", line 1218, in _connect
    conn = await _connect_addr(
  File "/Users/eugeniucazmal/Library/Python/3.9/lib/python/site-packages/asyncpg/connect_utils.py", line 1050, in _connect_addr
    return await __connect_addr(params, False, *args)
  File "/Users/eugeniucazmal/Library/Python/3.9/lib/python/site-packages/asyncpg/connect_utils.py", line 1102, in __connect_addr
    await connected
asyncpg.exceptions.InternalServerError: MaxClientsInSessionMode: max clients reached - in Session mode max clients are limited to pool_size
INFO:     DEBUG: Incoming request from Origin: http://localhost:3000
INFO:     127.0.0.1:50597 - "GET /api/display/br1 HTTP/1.1" 200 OK
INFO:     DEBUG: Incoming request from Origin: http://localhost:3000
INFO:     127.0.0.1:50567 - "GET /api/display/bc1 HTTP/1.1" 200 OK
INFO:     DEBUG: Incoming request from Origin: http://localhost:3000
INFO:     127.0.0.1:50595 - "GET /api/display/bc2 HTTP/1.1" 200 OK
INFO:     127.0.0.1:50569 - "GET /api/display/bc3 HTTP/1.1" 200 OK
INFO:     127.0.0.1:50597 - "POST /api/screens/379b4f70-10e3-454f-81db-e012844ee242/heartbeat HTTP/1.1" 200 OK
INFO:     DEBUG: Incoming request from Origin: http://localhost:3000
INFO:     DEBUG: Incoming request from Origin: http://localhost:3000
INFO:     DEBUG: Incoming request from Origin: http://localhost:3000
INFO:     127.0.0.1:50595 - "POST /api/screens/3182fb15-e2f2-4a6a-b60b-10661378ebd6/heartbeat HTTP/1.1" 200 OK
INFO:     127.0.0.1:50566 - "GET /api/display/mev1 HTTP/1.1" 200 OK
INFO:     127.0.0.1:50569 - "POST /api/screens/e6c1dc53-f66a-41a6-b56b-5333cb7168f6/heartbeat HTTP/1.1" 200 OK
INFO:     DEBUG: Incoming request from Origin: http://localhost:3000
INFO:     DEBUG: Incoming request from Origin: http://localhost:3000
INFO:     DEBUG: Incoming request from Origin: http://localhost:3000
INFO:     127.0.0.1:50569 - "POST /api/screens/70b501fc-5a64-4178-af1e-4006339dbb94/heartbeat HTTP/1.1" 200 OK
INFO:     DEBUG: Incoming request from Origin: http://localhost:3000
INFO:     127.0.0.1:50600 - "GET /api/auth/me HTTP/1.1" 500 Internal Server Error
ERROR:    Exception in ASGI application
Traceback (most recent call last):
  File "/Users/eugeniucazmal/Library/Python/3.9/lib/python/site-packages/uvicorn/protocols/http/h11_impl.py", line 409, in run_asgi
    result = await app(  # type: ignore[func-returns-value]
  File "/Users/eugeniucazmal/Library/Python/3.9/lib/python/site-packages/uvicorn/middleware/proxy_headers.py", line 60, in __call__
    return await self.app(scope, receive, send)
  File "/Users/eugeniucazmal/Library/Python/3.9/lib/python/site-packages/fastapi/applications.py", line 1135, in __call__
    await super().__call__(scope, receive, send)
  File "/Users/eugeniucazmal/Library/Python/3.9/lib/python/site-packages/starlette/applications.py", line 113, in __call__
    await self.middleware_stack(scope, receive, send)
  File "/Users/eugeniucazmal/Library/Python/3.9/lib/python/site-packages/starlette/middleware/errors.py", line 186, in __call__
    raise exc
  File "/Users/eugeniucazmal/Library/Python/3.9/lib/python/site-packages/starlette/middleware/errors.py", line 164, in __call__
    await self.app(scope, receive, _send)
  File "/Users/eugeniucazmal/Library/Python/3.9/lib/python/site-packages/starlette/middleware/base.py", line 196, in __call__
    recv_stream.close()
  File "/Library/Developer/CommandLineTools/Library/Frameworks/Python3.framework/Versions/3.9/lib/python3.9/contextlib.py", line 135, in __exit__
    self.gen.throw(type, value, traceback)
  File "/Users/eugeniucazmal/Library/Python/3.9/lib/python/site-packages/starlette/_utils.py", line 85, in collapse_excgroups
    raise exc
  File "/Users/eugeniucazmal/Library/Python/3.9/lib/python/site-packages/starlette/middleware/base.py", line 193, in __call__
    response = await self.dispatch_func(request, call_next)
  File "/Users/eugeniucazmal/Downloads/dev_office/tv_screen_emer/tv_screen-main/backend/server.py", line 235, in log_origin_middleware
    return await call_next(request)
  File "/Users/eugeniucazmal/Library/Python/3.9/lib/python/site-packages/starlette/middleware/base.py", line 168, in call_next
    raise app_exc from app_exc.__cause__ or app_exc.__context__
  File "/Users/eugeniucazmal/Library/Python/3.9/lib/python/site-packages/starlette/middleware/base.py", line 144, in coro
    await self.app(scope, receive_or_disconnect, send_no_error)
  File "/Users/eugeniucazmal/Library/Python/3.9/lib/python/site-packages/starlette/middleware/cors.py", line 93, in __call__
    await self.simple_response(scope, receive, send, request_headers=headers)
  File "/Users/eugeniucazmal/Library/Python/3.9/lib/python/site-packages/starlette/middleware/cors.py", line 144, in simple_response
    await self.app(scope, receive, send)
  File "/Users/eugeniucazmal/Library/Python/3.9/lib/python/site-packages/starlette/middleware/exceptions.py", line 63, in __call__
    await wrap_app_handling_exceptions(self.app, conn)(scope, receive, send)
  File "/Users/eugeniucazmal/Library/Python/3.9/lib/python/site-packages/starlette/_exception_handler.py", line 53, in wrapped_app
    raise exc
  File "/Users/eugeniucazmal/Library/Python/3.9/lib/python/site-packages/starlette/_exception_handler.py", line 42, in wrapped_app
    await app(scope, receive, sender)
  File "/Users/eugeniucazmal/Library/Python/3.9/lib/python/site-packages/fastapi/middleware/asyncexitstack.py", line 18, in __call__
    await self.app(scope, receive, send)
  File "/Users/eugeniucazmal/Library/Python/3.9/lib/python/site-packages/starlette/routing.py", line 716, in __call__
    await self.middleware_stack(scope, receive, send)
  File "/Users/eugeniucazmal/Library/Python/3.9/lib/python/site-packages/starlette/routing.py", line 736, in app
    await route.handle(scope, receive, send)
  File "/Users/eugeniucazmal/Library/Python/3.9/lib/python/site-packages/starlette/routing.py", line 290, in handle
    await self.app(scope, receive, send)
  File "/Users/eugeniucazmal/Library/Python/3.9/lib/python/site-packages/fastapi/routing.py", line 115, in app
    await wrap_app_handling_exceptions(app, request)(scope, receive, send)
  File "/Users/eugeniucazmal/Library/Python/3.9/lib/python/site-packages/starlette/_exception_handler.py", line 53, in wrapped_app
    raise exc
  File "/Users/eugeniucazmal/Library/Python/3.9/lib/python/site-packages/starlette/_exception_handler.py", line 42, in wrapped_app
    await app(scope, receive, sender)
  File "/Users/eugeniucazmal/Library/Python/3.9/lib/python/site-packages/fastapi/routing.py", line 101, in app
    response = await f(request)
  File "/Users/eugeniucazmal/Library/Python/3.9/lib/python/site-packages/fastapi/routing.py", line 345, in app
    solved_result = await solve_dependencies(
  File "/Users/eugeniucazmal/Library/Python/3.9/lib/python/site-packages/fastapi/dependencies/utils.py", line 643, in solve_dependencies
    solved = await call(**solved_result.values)
  File "/Users/eugeniucazmal/Downloads/dev_office/tv_screen_emer/tv_screen-main/backend/server.py", line 598, in get_current_user
    user_doc = await user_get_by_email(email)
  File "/Users/eugeniucazmal/Downloads/dev_office/tv_screen_emer/tv_screen-main/backend/db.py", line 216, in user_get_by_email
    return await _fetch_one("SELECT * FROM users WHERE email = $1", email)
  File "/Users/eugeniucazmal/Downloads/dev_office/tv_screen_emer/tv_screen-main/backend/db.py", line 189, in _fetch_one
    async with pool.acquire() as c:
  File "/Users/eugeniucazmal/Library/Python/3.9/lib/python/site-packages/asyncpg/pool.py", line 1056, in __aenter__
    self.connection = await self.pool._acquire(self.timeout)
  File "/Users/eugeniucazmal/Library/Python/3.9/lib/python/site-packages/asyncpg/pool.py", line 896, in _acquire
    return await _acquire_impl()
  File "/Users/eugeniucazmal/Library/Python/3.9/lib/python/site-packages/asyncpg/pool.py", line 881, in _acquire_impl
    proxy = await ch.acquire()  # type: PoolConnectionProxy
  File "/Users/eugeniucazmal/Library/Python/3.9/lib/python/site-packages/asyncpg/pool.py", line 161, in acquire
    await self.connect()
  File "/Users/eugeniucazmal/Library/Python/3.9/lib/python/site-packages/asyncpg/pool.py", line 153, in connect
    self._con = await self._pool._get_new_connection()
  File "/Users/eugeniucazmal/Library/Python/3.9/lib/python/site-packages/asyncpg/pool.py", line 538, in _get_new_connection
    con = await self._connect(
  File "/Users/eugeniucazmal/Library/Python/3.9/lib/python/site-packages/asyncpg/connection.py", line 2443, in connect
    return await connect_utils._connect(
  File "/Users/eugeniucazmal/Library/Python/3.9/lib/python/site-packages/asyncpg/connect_utils.py", line 1218, in _connect
    conn = await _connect_addr(
  File "/Users/eugeniucazmal/Library/Python/3.9/lib/python/site-packages/asyncpg/connect_utils.py", line 1050, in _connect_addr
    return await __connect_addr(params, False, *args)
  File "/Users/eugeniucazmal/Library/Python/3.9/lib/python/site-packages/asyncpg/connect_utils.py", line 1102, in __connect_addr
    await connected
asyncpg.exceptions.InternalServerError: MaxClientsInSessionMode: max clients reached - in Session mode max clients are limited to pool_size
INFO:     DEBUG: Incoming request from Origin: http://localhost:3000
INFO:     127.0.0.1:50569 - "POST /api/screens/9e7578ba-4b61-4c41-b257-d7b968456383/heartbeat HTTP/1.1" 200 OK
INFO:     DEBUG: Incoming request from Origin: http://localhost:3000
INFO:     127.0.0.1:50567 - "GET /api/display/br1 HTTP/1.1" 200 OK
INFO:     DEBUG: Incoming request from Origin: http://localhost:3000
INFO:     127.0.0.1:50569 - "POST /api/screens/379b4f70-10e3-454f-81db-e012844ee242/heartbeat HTTP/1.1" 200 OK
INFO:     127.0.0.1:50567 - "POST /api/screens/e6c1dc53-f66a-41a6-b56b-5333cb7168f6/heartbeat HTTP/1.1" 200 OK
INFO:     127.0.0.1:50597 - "GET /api/display/bc1 HTTP/1.1" 200 OK
INFO:     DEBUG: Incoming request from Origin: http://localhost:3000
INFO:     127.0.0.1:50607 - "GET /api/auth/me HTTP/1.1" 500 Internal Server Error
ERROR:    Exception in ASGI application
Traceback (most recent call last):
  File "/Users/eugeniucazmal/Library/Python/3.9/lib/python/site-packages/uvicorn/protocols/http/h11_impl.py", line 409, in run_asgi
    result = await app(  # type: ignore[func-returns-value]
  File "/Users/eugeniucazmal/Library/Python/3.9/lib/python/site-packages/uvicorn/middleware/proxy_headers.py", line 60, in __call__
    return await self.app(scope, receive, send)
  File "/Users/eugeniucazmal/Library/Python/3.9/lib/python/site-packages/fastapi/applications.py", line 1135, in __call__
    await super().__call__(scope, receive, send)
  File "/Users/eugeniucazmal/Library/Python/3.9/lib/python/site-packages/starlette/applications.py", line 113, in __call__
    await self.middleware_stack(scope, receive, send)
  File "/Users/eugeniucazmal/Library/Python/3.9/lib/python/site-packages/starlette/middleware/errors.py", line 186, in __call__
    raise exc
  File "/Users/eugeniucazmal/Library/Python/3.9/lib/python/site-packages/starlette/middleware/errors.py", line 164, in __call__
    await self.app(scope, receive, _send)
  File "/Users/eugeniucazmal/Library/Python/3.9/lib/python/site-packages/starlette/middleware/base.py", line 196, in __call__
    recv_stream.close()
  File "/Library/Developer/CommandLineTools/Library/Frameworks/Python3.framework/Versions/3.9/lib/python3.9/contextlib.py", line 135, in __exit__
    self.gen.throw(type, value, traceback)
  File "/Users/eugeniucazmal/Library/Python/3.9/lib/python/site-packages/starlette/_utils.py", line 85, in collapse_excgroups
    raise exc
  File "/Users/eugeniucazmal/Library/Python/3.9/lib/python/site-packages/starlette/middleware/base.py", line 193, in __call__
    response = await self.dispatch_func(request, call_next)
  File "/Users/eugeniucazmal/Downloads/dev_office/tv_screen_emer/tv_screen-main/backend/server.py", line 235, in log_origin_middleware
    return await call_next(request)
  File "/Users/eugeniucazmal/Library/Python/3.9/lib/python/site-packages/starlette/middleware/base.py", line 168, in call_next
    raise app_exc from app_exc.__cause__ or app_exc.__context__
  File "/Users/eugeniucazmal/Library/Python/3.9/lib/python/site-packages/starlette/middleware/base.py", line 144, in coro
    await self.app(scope, receive_or_disconnect, send_no_error)
  File "/Users/eugeniucazmal/Library/Python/3.9/lib/python/site-packages/starlette/middleware/cors.py", line 93, in __call__
    await self.simple_response(scope, receive, send, request_headers=headers)
  File "/Users/eugeniucazmal/Library/Python/3.9/lib/python/site-packages/starlette/middleware/cors.py", line 144, in simple_response
    await self.app(scope, receive, send)
  File "/Users/eugeniucazmal/Library/Python/3.9/lib/python/site-packages/starlette/middleware/exceptions.py", line 63, in __call__
    await wrap_app_handling_exceptions(self.app, conn)(scope, receive, send)
  File "/Users/eugeniucazmal/Library/Python/3.9/lib/python/site-packages/starlette/_exception_handler.py", line 53, in wrapped_app
    raise exc
  File "/Users/eugeniucazmal/Library/Python/3.9/lib/python/site-packages/starlette/_exception_handler.py", line 42, in wrapped_app
    await app(scope, receive, sender)
  File "/Users/eugeniucazmal/Library/Python/3.9/lib/python/site-packages/fastapi/middleware/asyncexitstack.py", line 18, in __call__
    await self.app(scope, receive, send)
  File "/Users/eugeniucazmal/Library/Python/3.9/lib/python/site-packages/starlette/routing.py", line 716, in __call__
    await self.middleware_stack(scope, receive, send)
  File "/Users/eugeniucazmal/Library/Python/3.9/lib/python/site-packages/starlette/routing.py", line 736, in app
    await route.handle(scope, receive, send)
  File "/Users/eugeniucazmal/Library/Python/3.9/lib/python/site-packages/starlette/routing.py", line 290, in handle
    await self.app(scope, receive, send)
  File "/Users/eugeniucazmal/Library/Python/3.9/lib/python/site-packages/fastapi/routing.py", line 115, in app
    await wrap_app_handling_exceptions(app, request)(scope, receive, send)
  File "/Users/eugeniucazmal/Library/Python/3.9/lib/python/site-packages/starlette/_exception_handler.py", line 53, in wrapped_app
    raise exc
  File "/Users/eugeniucazmal/Library/Python/3.9/lib/python/site-packages/starlette/_exception_handler.py", line 42, in wrapped_app
    await app(scope, receive, sender)
  File "/Users/eugeniucazmal/Library/Python/3.9/lib/python/site-packages/fastapi/routing.py", line 101, in app
    response = await f(request)
  File "/Users/eugeniucazmal/Library/Python/3.9/lib/python/site-packages/fastapi/routing.py", line 345, in app
    solved_result = await solve_dependencies(
  File "/Users/eugeniucazmal/Library/Python/3.9/lib/python/site-packages/fastapi/dependencies/utils.py", line 643, in solve_dependencies
    solved = await call(**solved_result.values)
  File "/Users/eugeniucazmal/Downloads/dev_office/tv_screen_emer/tv_screen-main/backend/server.py", line 598, in get_current_user
    user_doc = await user_get_by_email(email)
  File "/Users/eugeniucazmal/Downloads/dev_office/tv_screen_emer/tv_screen-main/backend/db.py", line 216, in user_get_by_email
    return await _fetch_one("SELECT * FROM users WHERE email = $1", email)
  File "/Users/eugeniucazmal/Downloads/dev_office/tv_screen_emer/tv_screen-main/backend/db.py", line 189, in _fetch_one
    async with pool.acquire() as c:
  File "/Users/eugeniucazmal/Library/Python/3.9/lib/python/site-packages/asyncpg/pool.py", line 1056, in __aenter__
    self.connection = await self.pool._acquire(self.timeout)
  File "/Users/eugeniucazmal/Library/Python/3.9/lib/python/site-packages/asyncpg/pool.py", line 896, in _acquire
    return await _acquire_impl()
  File "/Users/eugeniucazmal/Library/Python/3.9/lib/python/site-packages/asyncpg/pool.py", line 881, in _acquire_impl
    proxy = await ch.acquire()  # type: PoolConnectionProxy
  File "/Users/eugeniucazmal/Library/Python/3.9/lib/python/site-packages/asyncpg/pool.py", line 161, in acquire
    await self.connect()
  File "/Users/eugeniucazmal/Library/Python/3.9/lib/python/site-packages/asyncpg/pool.py", line 153, in connect
    self._con = await self._pool._get_new_connection()
  File "/Users/eugeniucazmal/Library/Python/3.9/lib/python/site-packages/asyncpg/pool.py", line 538, in _get_new_connection
    con = await self._connect(
  File "/Users/eugeniucazmal/Library/Python/3.9/lib/python/site-packages/asyncpg/connection.py", line 2443, in connect
    return await connect_utils._connect(
  File "/Users/eugeniucazmal/Library/Python/3.9/lib/python/site-packages/asyncpg/connect_utils.py", line 1218, in _connect
    conn = await _connect_addr(
  File "/Users/eugeniucazmal/Library/Python/3.9/lib/python/site-packages/asyncpg/connect_utils.py", line 1050, in _connect_addr
    return await __connect_addr(params, False, *args)
  File "/Users/eugeniucazmal/Library/Python/3.9/lib/python/site-packages/asyncpg/connect_utils.py", line 1102, in __connect_addr
    await connected
asyncpg.exceptions.InternalServerError: MaxClientsInSessionMode: max clients reached - in Session mode max clients are limited to pool_size
INFO:     DEBUG: Incoming request from Origin: http://localhost:3000
INFO:     127.0.0.1:50597 - "POST /api/screens/3182fb15-e2f2-4a6a-b60b-10661378ebd6/heartbeat HTTP/1.1" 200 OK
INFO:     127.0.0.1:50566 - "GET /api/display/bc3 HTTP/1.1" 200 OK
INFO:     DEBUG: Incoming request from Origin: http://localhost:3000
INFO:     DEBUG: Incoming request from Origin: http://localhost:3000
INFO:     DEBUG: Incoming request from Origin: http://localhost:3000
INFO:     DEBUG: Incoming request from Origin: http://localhost:3000
INFO:     DEBUG: Incoming request from Origin: http://localhost:3000
INFO:     127.0.0.1:50615 - "GET /api/screens HTTP/1.1" 401 Unauthorized
INFO:     DEBUG: Incoming request from Origin: http://localhost:3000
INFO:     DEBUG: Incoming request from Origin: http://localhost:3000
INFO:     127.0.0.1:50617 - "GET /api/locations HTTP/1.1" 401 Unauthorized
INFO:     127.0.0.1:50620 - "GET /api/screen-sync/groups HTTP/1.1" 401 Unauthorized
INFO:     127.0.0.1:50621 - "GET /api/content HTTP/1.1" 401 Unauthorized
INFO:     DEBUG: Incoming request from Origin: http://localhost:3000
INFO:     DEBUG: Incoming request from Origin: http://localhost:3000
INFO:     DEBUG: Incoming request from Origin: http://localhost:3000
INFO:     127.0.0.1:50615 - "GET /api/locations HTTP/1.1" 401 Unauthorized
INFO:     127.0.0.1:50623 - "GET /api/screens HTTP/1.1" 401 Unauthorized
INFO:     127.0.0.1:50617 - "GET /api/screen-sync/groups HTTP/1.1" 401 Unauthorized
INFO:     DEBUG: Incoming request from Origin: http://localhost:3000
INFO:     127.0.0.1:50625 - "GET /api/content HTTP/1.1" 401 Unauthorized
INFO:     DEBUG: Incoming request from Origin: http://localhost:3000
ERROR:    Exception in ASGI application
Traceback (most recent call last):
  File "/Users/eugeniucazmal/Library/Python/3.9/lib/python/site-packages/uvicorn/protocols/http/h11_impl.py", line 409, in run_asgi
    result = await app(  # type: ignore[func-returns-value]
  File "/Users/eugeniucazmal/Library/Python/3.9/lib/python/site-packages/uvicorn/middleware/proxy_headers.py", line 60, in __call__
    return await self.app(scope, receive, send)
  File "/Users/eugeniucazmal/Library/Python/3.9/lib/python/site-packages/fastapi/applications.py", line 1135, in __call__
    await super().__call__(scope, receive, send)
  File "/Users/eugeniucazmal/Library/Python/3.9/lib/python/site-packages/starlette/applications.py", line 113, in __call__
    await self.middleware_stack(scope, receive, send)
  File "/Users/eugeniucazmal/Library/Python/3.9/lib/python/site-packages/starlette/middleware/errors.py", line 186, in __call__
    raise exc
  File "/Users/eugeniucazmal/Library/Python/3.9/lib/python/site-packages/starlette/middleware/errors.py", line 164, in __call__
    await self.app(scope, receive, _send)
  File "/Users/eugeniucazmal/Library/Python/3.9/lib/python/site-packages/starlette/middleware/base.py", line 196, in __call__
    recv_stream.close()
  File "/Library/Developer/CommandLineTools/Library/Frameworks/Python3.framework/Versions/3.9/lib/python3.9/contextlib.py", line 135, in __exit__
    self.gen.throw(type, value, traceback)
  File "/Users/eugeniucazmal/Library/Python/3.9/lib/python/site-packages/starlette/_utils.py", line 85, in collapse_excgroups
    raise exc
  File "/Users/eugeniucazmal/Library/Python/3.9/lib/python/site-packages/starlette/middleware/base.py", line 193, in __call__
    response = await self.dispatch_func(request, call_next)
  File "/Users/eugeniucazmal/Downloads/dev_office/tv_screen_emer/tv_screen-main/backend/server.py", line 235, in log_origin_middleware
    return await call_next(request)
  File "/Users/eugeniucazmal/Library/Python/3.9/lib/python/site-packages/starlette/middleware/base.py", line 168, in call_next
    raise app_exc from app_exc.__cause__ or app_exc.__context__
  File "/Users/eugeniucazmal/Library/Python/3.9/lib/python/site-packages/starlette/middleware/base.py", line 144, in coro
    await self.app(scope, receive_or_disconnect, send_no_error)
  File "/Users/eugeniucazmal/Library/Python/3.9/lib/python/site-packages/starlette/middleware/cors.py", line 93, in __call__
    await self.simple_response(scope, receive, send, request_headers=headers)
  File "/Users/eugeniucazmal/Library/Python/3.9/lib/python/site-packages/starlette/middleware/cors.py", line 144, in simple_response
    await self.app(scope, receive, send)
  File "/Users/eugeniucazmal/Library/Python/3.9/lib/python/site-packages/starlette/middleware/exceptions.py", line 63, in __call__
    await wrap_app_handling_exceptions(self.app, conn)(scope, receive, send)
  File "/Users/eugeniucazmal/Library/Python/3.9/lib/python/site-packages/starlette/_exception_handler.py", line 53, in wrapped_app
    raise exc
  File "/Users/eugeniucazmal/Library/Python/3.9/lib/python/site-packages/starlette/_exception_handler.py", line 42, in wrapped_app
    await app(scope, receive, sender)
  File "/Users/eugeniucazmal/Library/Python/3.9/lib/python/site-packages/fastapi/middleware/asyncexitstack.py", line 18, in __call__
    await self.app(scope, receive, send)
  File "/Users/eugeniucazmal/Library/Python/3.9/lib/python/site-packages/starlette/routing.py", line 716, in __call__
    await self.middleware_stack(scope, receive, send)
  File "/Users/eugeniucazmal/Library/Python/3.9/lib/python/site-packages/starlette/routing.py", line 736, in app
    await route.handle(scope, receive, send)
  File "/Users/eugeniucazmal/Library/Python/3.9/lib/python/site-packages/starlette/routing.py", line 290, in handle
    await self.app(scope, receive, send)
  File "/Users/eugeniucazmal/Library/Python/3.9/lib/python/site-packages/fastapi/routing.py", line 115, in app
    await wrap_app_handling_exceptions(app, request)(scope, receive, send)
  File "/Users/eugeniucazmal/Library/Python/3.9/lib/python/site-packages/starlette/_exception_handler.py", line 53, in wrapped_app
    raise exc
  File "/Users/eugeniucazmal/Library/Python/3.9/lib/python/site-packages/starlette/_exception_handler.py", line 42, in wrapped_app
    await app(scope, receive, sender)
  File "/Users/eugeniucazmal/Library/Python/3.9/lib/python/site-packages/fastapi/routing.py", line 101, in app
    response = await f(request)
  File "/Users/eugeniucazmal/Library/Python/3.9/lib/python/site-packages/fastapi/routing.py", line 345, in app
    solved_result = await solve_dependencies(
  File "/Users/eugeniucazmal/Library/Python/3.9/lib/python/site-packages/fastapi/dependencies/utils.py", line 643, in solve_dependencies
    solved = await call(**solved_result.values)
  File "/Users/eugeniucazmal/Downloads/dev_office/tv_screen_emer/tv_screen-main/backend/server.py", line 598, in get_current_user
    user_doc = await user_get_by_email(email)
  File "/Users/eugeniucazmal/Downloads/dev_office/tv_screen_emer/tv_screen-main/backend/db.py", line 216, in user_get_by_email
    return await _fetch_one("SELECT * FROM users WHERE email = $1", email)
  File "/Users/eugeniucazmal/Downloads/dev_office/tv_screen_emer/tv_screen-main/backend/db.py", line 189, in _fetch_one
    async with pool.acquire() as c:
  File "/Users/eugeniucazmal/Library/Python/3.9/lib/python/site-packages/asyncpg/pool.py", line 1056, in __aenter__
    self.connection = await self.pool._acquire(self.timeout)
  File "/Users/eugeniucazmal/Library/Python/3.9/lib/python/site-packages/asyncpg/pool.py", line 896, in _acquire
    return await _acquire_impl()
  File "/Users/eugeniucazmal/Library/Python/3.9/lib/python/site-packages/asyncpg/pool.py", line 881, in _acquire_impl
    proxy = await ch.acquire()  # type: PoolConnectionProxy
  File "/Users/eugeniucazmal/Library/Python/3.9/lib/python/site-packages/asyncpg/pool.py", line 161, in acquire
    await self.connect()
  File "/Users/eugeniucazmal/Library/Python/3.9/lib/python/site-packages/asyncpg/pool.py", line 153, in connect
    self._con = await self._pool._get_new_connection()
  File "/Users/eugeniucazmal/Library/Python/3.9/lib/python/site-packages/asyncpg/pool.py", line 538, in _get_new_connection
    con = await self._connect(
  File "/Users/eugeniucazmal/Library/Python/3.9/lib/python/site-packages/asyncpg/connection.py", line 2443, in connect
    return await connect_utils._connect(
  File "/Users/eugeniucazmal/Library/Python/3.9/lib/python/site-packages/asyncpg/connect_utils.py", line 1218, in _connect
    conn = await _connect_addr(
  File "/Users/eugeniucazmal/Library/Python/3.9/lib/python/site-packages/asyncpg/connect_utils.py", line 1050, in _connect_addr
    return await __connect_addr(params, False, *args)
  File "/Users/eugeniucazmal/Library/Python/3.9/lib/python/site-packages/asyncpg/connect_utils.py", line 1102, in __connect_addr
    await connected
asyncpg.exceptions.InternalServerError: MaxClientsInSessionMode: max clients reached - in Session mode max clients are limited to pool_size
INFO:     127.0.0.1:50625 - "GET /api/auth/check-registration-open HTTP/1.1" 200 OK
INFO:     DEBUG: Incoming request from Origin: http://localhost:3000
INFO:     127.0.0.1:50625 - "GET /api/auth/check-registration-open HTTP/1.1" 200 OK
INFO:     DEBUG: Incoming request from Origin: http://localhost:3000
Login timing - DB: 0.187s, Password verify: 0.191s, Total: 0.644s
INFO:     127.0.0.1:50652 - "POST /api/auth/login HTTP/1.1" 200 OK
INFO:     DEBUG: Incoming request from Origin: http://localhost:3000
INFO:     127.0.0.1:50652 - "GET /api/dashboard/stats HTTP/1.1" 200 OK
INFO:     DEBUG: Incoming request from Origin: http://localhost:3000
INFO:     127.0.0.1:50652 - "GET /api/dashboard/stats HTTP/1.1" 200 OK
INFO:     DEBUG: Incoming request from Origin: http://localhost:3000
INFO:     DEBUG: Incoming request from Origin: http://localhost:3000
INFO:     DEBUG: Incoming request from Origin: http://localhost:3000
INFO:     127.0.0.1:50652 - "GET /api/content HTTP/1.1" 200 OK
INFO:     DEBUG: Incoming request from Origin: http://localhost:3000
INFO:     127.0.0.1:50678 - "GET /api/screens HTTP/1.1" 200 OK
INFO:     DEBUG: Incoming request from Origin: http://localhost:3000
INFO:     127.0.0.1:50676 - "GET /api/content/folders HTTP/1.1" 500 Internal Server Error
ERROR:    Exception in ASGI application
Traceback (most recent call last):
  File "/Users/eugeniucazmal/Library/Python/3.9/lib/python/site-packages/uvicorn/protocols/http/h11_impl.py", line 409, in run_asgi
    result = await app(  # type: ignore[func-returns-value]
  File "/Users/eugeniucazmal/Library/Python/3.9/lib/python/site-packages/uvicorn/middleware/proxy_headers.py", line 60, in __call__
    return await self.app(scope, receive, send)
  File "/Users/eugeniucazmal/Library/Python/3.9/lib/python/site-packages/fastapi/applications.py", line 1135, in __call__
    await super().__call__(scope, receive, send)
  File "/Users/eugeniucazmal/Library/Python/3.9/lib/python/site-packages/starlette/applications.py", line 113, in __call__
    await self.middleware_stack(scope, receive, send)
  File "/Users/eugeniucazmal/Library/Python/3.9/lib/python/site-packages/starlette/middleware/errors.py", line 186, in __call__
    raise exc
  File "/Users/eugeniucazmal/Library/Python/3.9/lib/python/site-packages/starlette/middleware/errors.py", line 164, in __call__
    await self.app(scope, receive, _send)
  File "/Users/eugeniucazmal/Library/Python/3.9/lib/python/site-packages/starlette/middleware/base.py", line 196, in __call__
    recv_stream.close()
  File "/Library/Developer/CommandLineTools/Library/Frameworks/Python3.framework/Versions/3.9/lib/python3.9/contextlib.py", line 135, in __exit__
    self.gen.throw(type, value, traceback)
  File "/Users/eugeniucazmal/Library/Python/3.9/lib/python/site-packages/starlette/_utils.py", line 85, in collapse_excgroups
    raise exc
  File "/Users/eugeniucazmal/Library/Python/3.9/lib/python/site-packages/starlette/middleware/base.py", line 193, in __call__
    response = await self.dispatch_func(request, call_next)
  File "/Users/eugeniucazmal/Downloads/dev_office/tv_screen_emer/tv_screen-main/backend/server.py", line 235, in log_origin_middleware
    return await call_next(request)
  File "/Users/eugeniucazmal/Library/Python/3.9/lib/python/site-packages/starlette/middleware/base.py", line 168, in call_next
    raise app_exc from app_exc.__cause__ or app_exc.__context__
  File "/Users/eugeniucazmal/Library/Python/3.9/lib/python/site-packages/starlette/middleware/base.py", line 144, in coro
    await self.app(scope, receive_or_disconnect, send_no_error)
  File "/Users/eugeniucazmal/Library/Python/3.9/lib/python/site-packages/starlette/middleware/cors.py", line 93, in __call__
    await self.simple_response(scope, receive, send, request_headers=headers)
  File "/Users/eugeniucazmal/Library/Python/3.9/lib/python/site-packages/starlette/middleware/cors.py", line 144, in simple_response
    await self.app(scope, receive, send)
  File "/Users/eugeniucazmal/Library/Python/3.9/lib/python/site-packages/starlette/middleware/exceptions.py", line 63, in __call__
    await wrap_app_handling_exceptions(self.app, conn)(scope, receive, send)
  File "/Users/eugeniucazmal/Library/Python/3.9/lib/python/site-packages/starlette/_exception_handler.py", line 53, in wrapped_app
    raise exc
  File "/Users/eugeniucazmal/Library/Python/3.9/lib/python/site-packages/starlette/_exception_handler.py", line 42, in wrapped_app
    await app(scope, receive, sender)
  File "/Users/eugeniucazmal/Library/Python/3.9/lib/python/site-packages/fastapi/middleware/asyncexitstack.py", line 18, in __call__
    await self.app(scope, receive, send)
  File "/Users/eugeniucazmal/Library/Python/3.9/lib/python/site-packages/starlette/routing.py", line 716, in __call__
    await self.middleware_stack(scope, receive, send)
  File "/Users/eugeniucazmal/Library/Python/3.9/lib/python/site-packages/starlette/routing.py", line 736, in app
    await route.handle(scope, receive, send)
  File "/Users/eugeniucazmal/Library/Python/3.9/lib/python/site-packages/starlette/routing.py", line 290, in handle
    await self.app(scope, receive, send)
  File "/Users/eugeniucazmal/Library/Python/3.9/lib/python/site-packages/fastapi/routing.py", line 115, in app
    await wrap_app_handling_exceptions(app, request)(scope, receive, send)
  File "/Users/eugeniucazmal/Library/Python/3.9/lib/python/site-packages/starlette/_exception_handler.py", line 53, in wrapped_app
    raise exc
  File "/Users/eugeniucazmal/Library/Python/3.9/lib/python/site-packages/starlette/_exception_handler.py", line 42, in wrapped_app
    await app(scope, receive, sender)
  File "/Users/eugeniucazmal/Library/Python/3.9/lib/python/site-packages/fastapi/routing.py", line 101, in app
    response = await f(request)
  File "/Users/eugeniucazmal/Library/Python/3.9/lib/python/site-packages/fastapi/routing.py", line 345, in app
    solved_result = await solve_dependencies(
  File "/Users/eugeniucazmal/Library/Python/3.9/lib/python/site-packages/fastapi/dependencies/utils.py", line 643, in solve_dependencies
    solved = await call(**solved_result.values)
  File "/Users/eugeniucazmal/Downloads/dev_office/tv_screen_emer/tv_screen-main/backend/server.py", line 598, in get_current_user
    user_doc = await user_get_by_email(email)
  File "/Users/eugeniucazmal/Downloads/dev_office/tv_screen_emer/tv_screen-main/backend/db.py", line 216, in user_get_by_email
    return await _fetch_one("SELECT * FROM users WHERE email = $1", email)
  File "/Users/eugeniucazmal/Downloads/dev_office/tv_screen_emer/tv_screen-main/backend/db.py", line 189, in _fetch_one
    async with pool.acquire() as c:
  File "/Users/eugeniucazmal/Library/Python/3.9/lib/python/site-packages/asyncpg/pool.py", line 1056, in __aenter__
    self.connection = await self.pool._acquire(self.timeout)
  File "/Users/eugeniucazmal/Library/Python/3.9/lib/python/site-packages/asyncpg/pool.py", line 896, in _acquire
    return await _acquire_impl()
  File "/Users/eugeniucazmal/Library/Python/3.9/lib/python/site-packages/asyncpg/pool.py", line 881, in _acquire_impl
    proxy = await ch.acquire()  # type: PoolConnectionProxy
  File "/Users/eugeniucazmal/Library/Python/3.9/lib/python/site-packages/asyncpg/pool.py", line 161, in acquire
    await self.connect()
  File "/Users/eugeniucazmal/Library/Python/3.9/lib/python/site-packages/asyncpg/pool.py", line 153, in connect
    self._con = await self._pool._get_new_connection()
  File "/Users/eugeniucazmal/Library/Python/3.9/lib/python/site-packages/asyncpg/pool.py", line 538, in _get_new_connection
    con = await self._connect(
  File "/Users/eugeniucazmal/Library/Python/3.9/lib/python/site-packages/asyncpg/connection.py", line 2443, in connect
    return await connect_utils._connect(
  File "/Users/eugeniucazmal/Library/Python/3.9/lib/python/site-packages/asyncpg/connect_utils.py", line 1218, in _connect
    conn = await _connect_addr(
  File "/Users/eugeniucazmal/Library/Python/3.9/lib/python/site-packages/asyncpg/connect_utils.py", line 1050, in _connect_addr
    return await __connect_addr(params, False, *args)
  File "/Users/eugeniucazmal/Library/Python/3.9/lib/python/site-packages/asyncpg/connect_utils.py", line 1102, in __connect_addr
    await connected
asyncpg.exceptions.InternalServerError: MaxClientsInSessionMode: max clients reached - in Session mode max clients are limited to pool_size
INFO:     DEBUG: Incoming request from Origin: http://localhost:3000
INFO:     127.0.0.1:50652 - "GET /api/content HTTP/1.1" 200 OK
INFO:     127.0.0.1:50678 - "GET /api/screens HTTP/1.1" 200 OK
INFO:     127.0.0.1:50685 - "GET /api/content/folders HTTP/1.1" 500 Internal Server Error
ERROR:    Exception in ASGI application
Traceback (most recent call last):
  File "/Users/eugeniucazmal/Library/Python/3.9/lib/python/site-packages/uvicorn/protocols/http/h11_impl.py", line 409, in run_asgi
    result = await app(  # type: ignore[func-returns-value]
  File "/Users/eugeniucazmal/Library/Python/3.9/lib/python/site-packages/uvicorn/middleware/proxy_headers.py", line 60, in __call__
    return await self.app(scope, receive, send)
  File "/Users/eugeniucazmal/Library/Python/3.9/lib/python/site-packages/fastapi/applications.py", line 1135, in __call__
    await super().__call__(scope, receive, send)
  File "/Users/eugeniucazmal/Library/Python/3.9/lib/python/site-packages/starlette/applications.py", line 113, in __call__
    await self.middleware_stack(scope, receive, send)
  File "/Users/eugeniucazmal/Library/Python/3.9/lib/python/site-packages/starlette/middleware/errors.py", line 186, in __call__
    raise exc
  File "/Users/eugeniucazmal/Library/Python/3.9/lib/python/site-packages/starlette/middleware/errors.py", line 164, in __call__
    await self.app(scope, receive, _send)
  File "/Users/eugeniucazmal/Library/Python/3.9/lib/python/site-packages/starlette/middleware/base.py", line 196, in __call__
    recv_stream.close()
  File "/Library/Developer/CommandLineTools/Library/Frameworks/Python3.framework/Versions/3.9/lib/python3.9/contextlib.py", line 135, in __exit__
    self.gen.throw(type, value, traceback)
  File "/Users/eugeniucazmal/Library/Python/3.9/lib/python/site-packages/starlette/_utils.py", line 85, in collapse_excgroups
    raise exc
  File "/Users/eugeniucazmal/Library/Python/3.9/lib/python/site-packages/starlette/middleware/base.py", line 193, in __call__
    response = await self.dispatch_func(request, call_next)
  File "/Users/eugeniucazmal/Downloads/dev_office/tv_screen_emer/tv_screen-main/backend/server.py", line 235, in log_origin_middleware
    return await call_next(request)
  File "/Users/eugeniucazmal/Library/Python/3.9/lib/python/site-packages/starlette/middleware/base.py", line 168, in call_next
    raise app_exc from app_exc.__cause__ or app_exc.__context__
  File "/Users/eugeniucazmal/Library/Python/3.9/lib/python/site-packages/starlette/middleware/base.py", line 144, in coro
    await self.app(scope, receive_or_disconnect, send_no_error)
  File "/Users/eugeniucazmal/Library/Python/3.9/lib/python/site-packages/starlette/middleware/cors.py", line 93, in __call__
    await self.simple_response(scope, receive, send, request_headers=headers)
  File "/Users/eugeniucazmal/Library/Python/3.9/lib/python/site-packages/starlette/middleware/cors.py", line 144, in simple_response
    await self.app(scope, receive, send)
  File "/Users/eugeniucazmal/Library/Python/3.9/lib/python/site-packages/starlette/middleware/exceptions.py", line 63, in __call__
    await wrap_app_handling_exceptions(self.app, conn)(scope, receive, send)
  File "/Users/eugeniucazmal/Library/Python/3.9/lib/python/site-packages/starlette/_exception_handler.py", line 53, in wrapped_app
    raise exc
  File "/Users/eugeniucazmal/Library/Python/3.9/lib/python/site-packages/starlette/_exception_handler.py", line 42, in wrapped_app
    await app(scope, receive, sender)
  File "/Users/eugeniucazmal/Library/Python/3.9/lib/python/site-packages/fastapi/middleware/asyncexitstack.py", line 18, in __call__
    await self.app(scope, receive, send)
  File "/Users/eugeniucazmal/Library/Python/3.9/lib/python/site-packages/starlette/routing.py", line 716, in __call__
    await self.middleware_stack(scope, receive, send)
  File "/Users/eugeniucazmal/Library/Python/3.9/lib/python/site-packages/starlette/routing.py", line 736, in app
    await route.handle(scope, receive, send)
  File "/Users/eugeniucazmal/Library/Python/3.9/lib/python/site-packages/starlette/routing.py", line 290, in handle
    await self.app(scope, receive, send)
  File "/Users/eugeniucazmal/Library/Python/3.9/lib/python/site-packages/fastapi/routing.py", line 115, in app
    await wrap_app_handling_exceptions(app, request)(scope, receive, send)
  File "/Users/eugeniucazmal/Library/Python/3.9/lib/python/site-packages/starlette/_exception_handler.py", line 53, in wrapped_app
    raise exc
  File "/Users/eugeniucazmal/Library/Python/3.9/lib/python/site-packages/starlette/_exception_handler.py", line 42, in wrapped_app
    await app(scope, receive, sender)
  File "/Users/eugeniucazmal/Library/Python/3.9/lib/python/site-packages/fastapi/routing.py", line 101, in app
    response = await f(request)
  File "/Users/eugeniucazmal/Library/Python/3.9/lib/python/site-packages/fastapi/routing.py", line 345, in app
    solved_result = await solve_dependencies(
  File "/Users/eugeniucazmal/Library/Python/3.9/lib/python/site-packages/fastapi/dependencies/utils.py", line 643, in solve_dependencies
    solved = await call(**solved_result.values)
  File "/Users/eugeniucazmal/Downloads/dev_office/tv_screen_emer/tv_screen-main/backend/server.py", line 598, in get_current_user
    user_doc = await user_get_by_email(email)
  File "/Users/eugeniucazmal/Downloads/dev_office/tv_screen_emer/tv_screen-main/backend/db.py", line 216, in user_get_by_email
    return await _fetch_one("SELECT * FROM users WHERE email = $1", email)
  File "/Users/eugeniucazmal/Downloads/dev_office/tv_screen_emer/tv_screen-main/backend/db.py", line 189, in _fetch_one
    async with pool.acquire() as c:
  File "/Users/eugeniucazmal/Library/Python/3.9/lib/python/site-packages/asyncpg/pool.py", line 1056, in __aenter__
    self.connection = await self.pool._acquire(self.timeout)
  File "/Users/eugeniucazmal/Library/Python/3.9/lib/python/site-packages/asyncpg/pool.py", line 896, in _acquire
    return await _acquire_impl()
  File "/Users/eugeniucazmal/Library/Python/3.9/lib/python/site-packages/asyncpg/pool.py", line 881, in _acquire_impl
    proxy = await ch.acquire()  # type: PoolConnectionProxy
  File "/Users/eugeniucazmal/Library/Python/3.9/lib/python/site-packages/asyncpg/pool.py", line 161, in acquire
    await self.connect()
  File "/Users/eugeniucazmal/Library/Python/3.9/lib/python/site-packages/asyncpg/pool.py", line 153, in connect
    self._con = await self._pool._get_new_connection()
  File "/Users/eugeniucazmal/Library/Python/3.9/lib/python/site-packages/asyncpg/pool.py", line 538, in _get_new_connection
    con = await self._connect(
  File "/Users/eugeniucazmal/Library/Python/3.9/lib/python/site-packages/asyncpg/connection.py", line 2443, in connect
    return await connect_utils._connect(
  File "/Users/eugeniucazmal/Library/Python/3.9/lib/python/site-packages/asyncpg/connect_utils.py", line 1218, in _connect
    conn = await _connect_addr(
  File "/Users/eugeniucazmal/Library/Python/3.9/lib/python/site-packages/asyncpg/connect_utils.py", line 1050, in _connect_addr
    return await __connect_addr(params, False, *args)
  File "/Users/eugeniucazmal/Library/Python/3.9/lib/python/site-packages/asyncpg/connect_utils.py", line 1102, in __connect_addr
    await connected
asyncpg.exceptions.InternalServerError: MaxClientsInSessionMode: max clients reached - in Session mode max clients are limited to pool_size
INFO:     DEBUG: Incoming request from Origin: http://localhost:3000
INFO:     DEBUG: Incoming request from Origin: http://localhost:3000
INFO:     127.0.0.1:51100 - "OPTIONS /api/auth/me HTTP/1.1" 200 OK
INFO:     127.0.0.1:51101 - "OPTIONS /api/auth/me HTTP/1.1" 200 OK
INFO:     DEBUG: Incoming request from Origin: http://localhost:3000
INFO:     DEBUG: Incoming request from Origin: http://localhost:3000
INFO:     127.0.0.1:51100 - "GET /api/auth/me HTTP/1.1" 200 OK
INFO:     DEBUG: Incoming request from Origin: http://localhost:3000
INFO:     DEBUG: Incoming request from Origin: http://localhost:3000
INFO:     DEBUG: Incoming request from Origin: http://localhost:3000
2026-02-11 12:12:15,215 - server - INFO - FETCHING FOLDERS...
INFO:     127.0.0.1:51106 - "GET /api/screens HTTP/1.1" 200 OK
INFO:     DEBUG: Incoming request from Origin: http://localhost:3000
INFO:     127.0.0.1:51105 - "GET /api/content/folders HTTP/1.1" 200 OK
INFO:     DEBUG: Incoming request from Origin: http://localhost:3000
INFO:     127.0.0.1:51100 - "GET /api/content HTTP/1.1" 200 OK
INFO:     DEBUG: Incoming request from Origin: http://localhost:3000
2026-02-11 12:12:15,609 - server - INFO - FETCHING FOLDERS...
INFO:     127.0.0.1:51106 - "GET /api/screens HTTP/1.1" 200 OK
INFO:     127.0.0.1:51105 - "GET /api/content/folders HTTP/1.1" 200 OK
INFO:     127.0.0.1:51100 - "GET /api/content HTTP/1.1" 200 OK
INFO:     127.0.0.1:51101 - "GET /api/auth/me HTTP/1.1" 200 OK
INFO:     DEBUG: Incoming request from Origin: http://localhost:3000
INFO:     DEBUG: Incoming request from Origin: http://localhost:3000
INFO:     127.0.0.1:51485 - "OPTIONS /api/auth/me HTTP/1.1" 200 OK
INFO:     127.0.0.1:51487 - "OPTIONS /api/auth/me HTTP/1.1" 200 OK
INFO:     DEBUG: Incoming request from Origin: http://localhost:3000
INFO:     DEBUG: Incoming request from Origin: http://localhost:3000
INFO:     127.0.0.1:51485 - "GET /api/auth/me HTTP/1.1" 200 OK
INFO:     DEBUG: Incoming request from Origin: http://localhost:3000
INFO:     DEBUG: Incoming request from Origin: http://localhost:3000
INFO:     127.0.0.1:51485 - "OPTIONS /api/content HTTP/1.1" 200 OK
INFO:     127.0.0.1:51489 - "OPTIONS /api/content/folders HTTP/1.1" 200 OK
INFO:     DEBUG: Incoming request from Origin: http://localhost:3000
INFO:     DEBUG: Incoming request from Origin: http://localhost:3000
INFO:     DEBUG: Incoming request from Origin: http://localhost:3000
INFO:     DEBUG: Incoming request from Origin: http://localhost:3000
INFO:     127.0.0.1:51496 - "OPTIONS /api/screens HTTP/1.1" 200 OK
INFO:     127.0.0.1:51499 - "OPTIONS /api/content HTTP/1.1" 200 OK
INFO:     DEBUG: Incoming request from Origin: http://localhost:3000
INFO:     127.0.0.1:51485 - "OPTIONS /api/screens HTTP/1.1" 200 OK
INFO:     127.0.0.1:51500 - "OPTIONS /api/content/folders HTTP/1.1" 200 OK
INFO:     DEBUG: Incoming request from Origin: http://localhost:3000
INFO:     DEBUG: Incoming request from Origin: http://localhost:3000
INFO:     DEBUG: Incoming request from Origin: http://localhost:3000
INFO:     DEBUG: Incoming request from Origin: http://localhost:3000
INFO:     127.0.0.1:51489 - "GET /api/content HTTP/1.1" 200 OK
INFO:     DEBUG: Incoming request from Origin: http://localhost:3000
2026-02-11 12:13:38,056 - server - INFO - FETCHING FOLDERS...
INFO:     127.0.0.1:51487 - "GET /api/auth/me HTTP/1.1" 200 OK
INFO:     127.0.0.1:51489 - "GET /api/content/folders HTTP/1.1" 200 OK
INFO:     127.0.0.1:51500 - "GET /api/screens HTTP/1.1" 200 OK
INFO:     127.0.0.1:51499 - "GET /api/content HTTP/1.1" 200 OK
2026-02-11 12:13:38,783 - server - INFO - FETCHING FOLDERS...
INFO:     127.0.0.1:51485 - "GET /api/screens HTTP/1.1" 200 OK
INFO:     127.0.0.1:51496 - "GET /api/content/folders HTTP/1.1" 200 OK
WARNING:  WatchFiles detected changes in 'db.py'. Reloading...
INFO:     Shutting down
INFO:     Waiting for application shutdown.
2026-02-11 12:14:06,471 - server - INFO - Shutting down...
INFO:     Application shutdown complete.
INFO:     Finished server process [27974]
2026-02-11 12:14:06,772 - server - INFO - Server starting...
INFO:     Started server process [29683]
INFO:     Waiting for application startup.
2026-02-11 12:14:07,127 - server - INFO - Initializing database connection...
INFO:     Connecting to database at aws-1-eu-west-1.pooler.supabase.com:5432/postgres (SSL: require)
INFO:     Connection attempt 1/3...
INFO:     Database connection established successfully via parameters.
2026-02-11 12:14:08,517 - server - INFO - Database initialized successfully.
INFO:     Application startup complete.
INFO:     DEBUG: Incoming request from Origin: http://localhost:3000
INFO:     DEBUG: Incoming request from Origin: http://localhost:3000
INFO:     127.0.0.1:51982 - "OPTIONS /api/auth/me HTTP/1.1" 200 OK
INFO:     127.0.0.1:51984 - "OPTIONS /api/auth/me HTTP/1.1" 200 OK
INFO:     DEBUG: Incoming request from Origin: http://localhost:3000
INFO:     DEBUG: Incoming request from Origin: http://localhost:3000
INFO:     127.0.0.1:51982 - "GET /api/auth/me HTTP/1.1" 200 OK
INFO:     127.0.0.1:51984 - "GET /api/auth/me HTTP/1.1" 200 OK
INFO:     DEBUG: Incoming request from Origin: http://localhost:3000
INFO:     DEBUG: Incoming request from Origin: http://localhost:3000
INFO:     DEBUG: Incoming request from Origin: http://localhost:3000
2026-02-11 12:15:18,490 - server - INFO - FETCHING FOLDERS...
INFO:     127.0.0.1:51982 - "GET /api/content/folders HTTP/1.1" 200 OK
INFO:     DEBUG: Incoming request from Origin: http://localhost:3000
INFO:     127.0.0.1:51984 - "GET /api/content HTTP/1.1" 200 OK
INFO:     DEBUG: Incoming request from Origin: http://localhost:3000
2026-02-11 12:15:18,973 - server - INFO - FETCHING FOLDERS...
INFO:     127.0.0.1:51984 - "GET /api/content HTTP/1.1" 200 OK
INFO:     127.0.0.1:51982 - "GET /api/content/folders HTTP/1.1" 200 OK
INFO:     127.0.0.1:51987 - "GET /api/screens HTTP/1.1" 200 OK
INFO:     DEBUG: Incoming request from Origin: http://localhost:3000
INFO:     127.0.0.1:51987 - "GET /api/screens HTTP/1.1" 200 OK
INFO:     DEBUG: Incoming request from Origin: http://localhost:3000
INFO:     DEBUG: Incoming request from Origin: http://localhost:3000
INFO:     127.0.0.1:52251 - "GET /api/locations HTTP/1.1" 200 OK
INFO:     127.0.0.1:52250 - "GET /api/screens HTTP/1.1" 200 OK
INFO:     DEBUG: Incoming request from Origin: http://localhost:3000
INFO:     DEBUG: Incoming request from Origin: http://localhost:3000
INFO:     DEBUG: Incoming request from Origin: http://localhost:3000
INFO:     DEBUG: Incoming request from Origin: http://localhost:3000
INFO:     DEBUG: Incoming request from Origin: http://localhost:3000
INFO:     DEBUG: Incoming request from Origin: http://localhost:3000
INFO:     127.0.0.1:52251 - "GET /api/locations HTTP/1.1" 200 OK
INFO:     127.0.0.1:52250 - "GET /api/screens HTTP/1.1" 200 OK
INFO:     DEBUG: Incoming request from Origin: http://localhost:3000
INFO:     DEBUG: Incoming request from Origin: http://localhost:3000
INFO:     127.0.0.1:52275 - "GET /api/auth/me HTTP/1.1" 200 OK
INFO:     127.0.0.1:52251 - "GET /api/display/mev1 HTTP/1.1" 200 OK
INFO:     DEBUG: Incoming request from Origin: http://localhost:3000
INFO:     DEBUG: Incoming request from Origin: http://localhost:3000
INFO:     127.0.0.1:52275 - "GET /api/auth/me HTTP/1.1" 200 OK
INFO:     DEBUG: Incoming request from Origin: http://localhost:3000
INFO:     127.0.0.1:52273 - "GET /api/display/bc2 HTTP/1.1" 200 OK
INFO:     DEBUG: Incoming request from Origin: http://localhost:3000
INFO:     127.0.0.1:52275 - "POST /api/screens/379b4f70-10e3-454f-81db-e012844ee242/heartbeat HTTP/1.1" 200 OK
INFO:     127.0.0.1:52250 - "GET /api/display/bc1 HTTP/1.1" 200 OK
INFO:     DEBUG: Incoming request from Origin: http://localhost:3000
INFO:     DEBUG: Incoming request from Origin: http://localhost:3000
INFO:     127.0.0.1:52273 - "GET /api/auth/me HTTP/1.1" 200 OK
INFO:     DEBUG: Incoming request from Origin: http://localhost:3000
INFO:     127.0.0.1:52280 - "GET /api/display/br1 HTTP/1.1" 200 OK
INFO:     DEBUG: Incoming request from Origin: http://localhost:3000
INFO:     127.0.0.1:52251 - "GET /api/display/mev1 HTTP/1.1" 200 OK
INFO:     DEBUG: Incoming request from Origin: http://localhost:3000
INFO:     127.0.0.1:52250 - "POST /api/screens/9e7578ba-4b61-4c41-b257-d7b968456383/heartbeat HTTP/1.1" 200 OK
INFO:     DEBUG: Incoming request from Origin: http://localhost:3000
INFO:     127.0.0.1:52251 - "GET /api/auth/me HTTP/1.1" 200 OK
INFO:     127.0.0.1:52280 - "POST /api/screens/3182fb15-e2f2-4a6a-b60b-10661378ebd6/heartbeat HTTP/1.1" 200 OK
INFO:     DEBUG: Incoming request from Origin: http://localhost:3000
INFO:     DEBUG: Incoming request from Origin: http://localhost:3000
INFO:     127.0.0.1:52278 - "GET /api/display/bc3 HTTP/1.1" 200 OK
INFO:     DEBUG: Incoming request from Origin: http://localhost:3000
INFO:     127.0.0.1:52280 - "POST /api/screens/e6c1dc53-f66a-41a6-b56b-5333cb7168f6/heartbeat HTTP/1.1" 200 OK
INFO:     DEBUG: Incoming request from Origin: http://localhost:3000
INFO:     127.0.0.1:52251 - "POST /api/screens/379b4f70-10e3-454f-81db-e012844ee242/heartbeat HTTP/1.1" 200 OK
INFO:     DEBUG: Incoming request from Origin: http://localhost:3000
INFO:     127.0.0.1:52278 - "GET /api/auth/me HTTP/1.1" 200 OK
INFO:     DEBUG: Incoming request from Origin: http://localhost:3000
INFO:     127.0.0.1:52251 - "POST /api/screens/70b501fc-5a64-4178-af1e-4006339dbb94/heartbeat HTTP/1.1" 200 OK
INFO:     127.0.0.1:52278 - "GET /api/auth/me HTTP/1.1" 200 OK
INFO:     DEBUG: Incoming request from Origin: http://localhost:3000
INFO:     127.0.0.1:52250 - "GET /api/display/br1 HTTP/1.1" 200 OK
INFO:     DEBUG: Incoming request from Origin: http://localhost:3000
INFO:     127.0.0.1:52278 - "GET /api/auth/me HTTP/1.1" 200 OK
INFO:     DEBUG: Incoming request from Origin: http://localhost:3000
INFO:     127.0.0.1:52275 - "GET /api/display/bc2 HTTP/1.1" 200 OK
INFO:     DEBUG: Incoming request from Origin: http://localhost:3000
INFO:     127.0.0.1:52273 - "GET /api/display/bc1 HTTP/1.1" 200 OK
INFO:     127.0.0.1:52250 - "POST /api/screens/e6c1dc53-f66a-41a6-b56b-5333cb7168f6/heartbeat HTTP/1.1" 200 OK
INFO:     DEBUG: Incoming request from Origin: http://localhost:3000
INFO:     127.0.0.1:52278 - "GET /api/auth/me HTTP/1.1" 200 OK
INFO:     DEBUG: Incoming request from Origin: http://localhost:3000
INFO:     127.0.0.1:52275 - "POST /api/screens/9e7578ba-4b61-4c41-b257-d7b968456383/heartbeat HTTP/1.1" 200 OK
INFO:     127.0.0.1:52250 - "POST /api/screens/3182fb15-e2f2-4a6a-b60b-10661378ebd6/heartbeat HTTP/1.1" 200 OK
INFO:     127.0.0.1:52280 - "GET /api/display/bc3 HTTP/1.1" 200 OK
INFO:     127.0.0.1:52273 - "GET /api/auth/me HTTP/1.1" 200 OK
INFO:     DEBUG: Incoming request from Origin: http://localhost:3000
INFO:     DEBUG: Incoming request from Origin: http://localhost:3000
INFO:     127.0.0.1:52280 - "POST /api/screens/70b501fc-5a64-4178-af1e-4006339dbb94/heartbeat HTTP/1.1" 200 OK
INFO:     127.0.0.1:52273 - "GET /api/auth/me HTTP/1.1" 200 OK
INFO:     DEBUG: Incoming request from Origin: http://localhost:3000
INFO:     127.0.0.1:52330 - "GET /api/display/mev1 HTTP/1.1" 200 OK
INFO:     DEBUG: Incoming request from Origin: http://localhost:3000
INFO:     DEBUG: Incoming request from Origin: http://localhost:3000
INFO:     DEBUG: Incoming request from Origin: http://localhost:3000
INFO:     DEBUG: Incoming request from Origin: http://localhost:3000
INFO:     127.0.0.1:52330 - "GET /api/display/br1 HTTP/1.1" 200 OK
INFO:     127.0.0.1:52336 - "GET /api/display/bc2 HTTP/1.1" 200 OK
INFO:     127.0.0.1:52338 - "GET /api/display/bc1 HTTP/1.1" 200 OK
INFO:     127.0.0.1:52344 - "GET /api/display/bc3 HTTP/1.1" 200 OK
INFO:     DEBUG: Incoming request from Origin: http://localhost:3000
INFO:     DEBUG: Incoming request from Origin: http://localhost:3000
INFO:     DEBUG: Incoming request from Origin: http://localhost:3000
2026-02-11 12:16:36,341 - server - INFO - FETCHING FOLDERS...
INFO:     127.0.0.1:52376 - "GET /api/screens HTTP/1.1" 200 OK
INFO:     127.0.0.1:52374 - "GET /api/content/folders HTTP/1.1" 200 OK
INFO:     DEBUG: Incoming request from Origin: http://localhost:3000
INFO:     DEBUG: Incoming request from Origin: http://localhost:3000
INFO:     127.0.0.1:52373 - "GET /api/content HTTP/1.1" 200 OK
INFO:     DEBUG: Incoming request from Origin: http://localhost:3000
2026-02-11 12:16:36,739 - server - INFO - FETCHING FOLDERS...
INFO:     127.0.0.1:52374 - "GET /api/content/folders HTTP/1.1" 200 OK
INFO:     127.0.0.1:52376 - "GET /api/screens HTTP/1.1" 200 OK
INFO:     127.0.0.1:52373 - "GET /api/content HTTP/1.1" 200 OK
INFO:     DEBUG: Incoming request from Origin: http://localhost:3000
INFO:     DEBUG: Incoming request from Origin: http://localhost:3000
INFO:     127.0.0.1:52378 - "GET /api/screens HTTP/1.1" 200 OK
INFO:     DEBUG: Incoming request from Origin: http://localhost:3000
INFO:     127.0.0.1:52413 - "GET /api/locations HTTP/1.1" 200 OK
INFO:     DEBUG: Incoming request from Origin: http://localhost:3000
INFO:     DEBUG: Incoming request from Origin: http://localhost:3000
INFO:     DEBUG: Incoming request from Origin: http://localhost:3000
INFO:     DEBUG: Incoming request from Origin: http://localhost:3000
INFO:     DEBUG: Incoming request from Origin: http://localhost:3000
INFO:     127.0.0.1:52378 - "GET /api/screens HTTP/1.1" 200 OK
INFO:     DEBUG: Incoming request from Origin: http://localhost:3000
INFO:     127.0.0.1:52413 - "GET /api/locations HTTP/1.1" 200 OK
INFO:     DEBUG: Incoming request from Origin: http://localhost:3000
INFO:     127.0.0.1:52441 - "GET /api/auth/me HTTP/1.1" 200 OK
INFO:     DEBUG: Incoming request from Origin: http://localhost:3000
INFO:     127.0.0.1:52441 - "GET /api/auth/me HTTP/1.1" 200 OK
INFO:     DEBUG: Incoming request from Origin: http://localhost:3000
INFO:     127.0.0.1:52441 - "GET /api/auth/me HTTP/1.1" 200 OK
INFO:     DEBUG: Incoming request from Origin: http://localhost:3000
INFO:     127.0.0.1:52413 - "GET /api/display/mev1 HTTP/1.1" 200 OK
INFO:     DEBUG: Incoming request from Origin: http://localhost:3000
INFO:     127.0.0.1:52441 - "GET /api/auth/me HTTP/1.1" 200 OK
INFO:     DEBUG: Incoming request from Origin: http://localhost:3000
INFO:     127.0.0.1:52378 - "GET /api/display/br1 HTTP/1.1" 200 OK
INFO:     127.0.0.1:52439 - "GET /api/display/bc1 HTTP/1.1" 200 OK
INFO:     127.0.0.1:52441 - "POST /api/screens/379b4f70-10e3-454f-81db-e012844ee242/heartbeat HTTP/1.1" 200 OK
INFO:     127.0.0.1:52443 - "GET /api/display/bc2 HTTP/1.1" 200 OK
INFO:     DEBUG: Incoming request from Origin: http://localhost:3000
INFO:     DEBUG: Incoming request from Origin: http://localhost:3000
INFO:     DEBUG: Incoming request from Origin: http://localhost:3000
INFO:     DEBUG: Incoming request from Origin: http://localhost:3000
INFO:     127.0.0.1:52445 - "GET /api/display/bc3 HTTP/1.1" 200 OK
INFO:     DEBUG: Incoming request from Origin: http://localhost:3000
INFO:     127.0.0.1:52378 - "GET /api/auth/me HTTP/1.1" 200 OK
INFO:     DEBUG: Incoming request from Origin: http://localhost:3000
INFO:     127.0.0.1:52413 - "GET /api/display/mev1 HTTP/1.1" 200 OK
INFO:     DEBUG: Incoming request from Origin: http://localhost:3000
INFO:     127.0.0.1:52445 - "POST /api/screens/e6c1dc53-f66a-41a6-b56b-5333cb7168f6/heartbeat HTTP/1.1" 200 OK
INFO:     DEBUG: Incoming request from Origin: http://localhost:3000
INFO:     127.0.0.1:52378 - "POST /api/screens/3182fb15-e2f2-4a6a-b60b-10661378ebd6/heartbeat HTTP/1.1" 200 OK
INFO:     DEBUG: Incoming request from Origin: http://localhost:3000
INFO:     127.0.0.1:52413 - "POST /api/screens/9e7578ba-4b61-4c41-b257-d7b968456383/heartbeat HTTP/1.1" 200 OK
INFO:     DEBUG: Incoming request from Origin: http://localhost:3000
INFO:     127.0.0.1:52378 - "POST /api/screens/70b501fc-5a64-4178-af1e-4006339dbb94/heartbeat HTTP/1.1" 200 OK
INFO:     DEBUG: Incoming request from Origin: http://localhost:3000
INFO:     127.0.0.1:52413 - "GET /api/auth/me HTTP/1.1" 200 OK
INFO:     DEBUG: Incoming request from Origin: http://localhost:3000
INFO:     127.0.0.1:52378 - "POST /api/screens/379b4f70-10e3-454f-81db-e012844ee242/heartbeat HTTP/1.1" 200 OK
INFO:     127.0.0.1:52413 - "GET /api/auth/me HTTP/1.1" 200 OK
INFO:     DEBUG: Incoming request from Origin: http://localhost:3000
INFO:     127.0.0.1:52441 - "GET /api/display/br1 HTTP/1.1" 200 OK
INFO:     DEBUG: Incoming request from Origin: http://localhost:3000
INFO:     127.0.0.1:52439 - "GET /api/display/bc2 HTTP/1.1" 200 OK
INFO:     DEBUG: Incoming request from Origin: http://localhost:3000
INFO:     127.0.0.1:52443 - "GET /api/display/bc1 HTTP/1.1" 200 OK
INFO:     DEBUG: Incoming request from Origin: http://localhost:3000
INFO:     127.0.0.1:52413 - "GET /api/auth/me HTTP/1.1" 200 OK
INFO:     DEBUG: Incoming request from Origin: http://localhost:3000
INFO:     127.0.0.1:52441 - "POST /api/screens/e6c1dc53-f66a-41a6-b56b-5333cb7168f6/heartbeat HTTP/1.1" 200 OK
INFO:     127.0.0.1:52443 - "POST /api/screens/3182fb15-e2f2-4a6a-b60b-10661378ebd6/heartbeat HTTP/1.1" 200 OK
INFO:     127.0.0.1:52413 - "GET /api/auth/me HTTP/1.1" 200 OK
INFO:     DEBUG: Incoming request from Origin: http://localhost:3000
INFO:     127.0.0.1:52445 - "GET /api/display/bc3 HTTP/1.1" 200 OK
INFO:     127.0.0.1:52439 - "POST /api/screens/9e7578ba-4b61-4c41-b257-d7b968456383/heartbeat HTTP/1.1" 200 OK
INFO:     DEBUG: Incoming request from Origin: http://localhost:3000
INFO:     127.0.0.1:52413 - "GET /api/auth/me HTTP/1.1" 200 OK
INFO:     127.0.0.1:52445 - "POST /api/screens/70b501fc-5a64-4178-af1e-4006339dbb94/heartbeat HTTP/1.1" 200 OK
INFO:     DEBUG: Incoming request from Origin: http://localhost:3000
INFO:     127.0.0.1:52493 - "GET /api/display/mev1 HTTP/1.1" 200 OK
INFO:     DEBUG: Incoming request from Origin: http://localhost:3000
INFO:     DEBUG: Incoming request from Origin: http://localhost:3000
INFO:     DEBUG: Incoming request from Origin: http://localhost:3000
INFO:     DEBUG: Incoming request from Origin: http://localhost:3000
INFO:     127.0.0.1:52493 - "GET /api/display/br1 HTTP/1.1" 200 OK
INFO:     127.0.0.1:52499 - "GET /api/display/bc2 HTTP/1.1" 200 OK
INFO:     127.0.0.1:52501 - "GET /api/display/bc1 HTTP/1.1" 200 OK
INFO:     127.0.0.1:52503 - "GET /api/display/bc3 HTTP/1.1" 200 OK
INFO:     DEBUG: Incoming request from Origin: http://localhost:3000
INFO:     DEBUG: Incoming request from Origin: http://localhost:3000
INFO:     DEBUG: Incoming request from Origin: http://localhost:3000
2026-02-11 12:17:02,639 - server - INFO - FETCHING FOLDERS...
INFO:     127.0.0.1:52536 - "GET /api/content/folders HTTP/1.1" 200 OK
INFO:     DEBUG: Incoming request from Origin: http://localhost:3000
INFO:     127.0.0.1:52537 - "GET /api/screens HTTP/1.1" 200 OK
INFO:     127.0.0.1:52534 - "GET /api/content HTTP/1.1" 200 OK
INFO:     DEBUG: Incoming request from Origin: http://localhost:3000
INFO:     DEBUG: Incoming request from Origin: http://localhost:3000
2026-02-11 12:17:03,017 - server - INFO - FETCHING FOLDERS...
INFO:     127.0.0.1:52536 - "GET /api/content/folders HTTP/1.1" 200 OK
INFO:     127.0.0.1:52543 - "GET /api/screens HTTP/1.1" 200 OK
INFO:     127.0.0.1:52537 - "GET /api/content HTTP/1.1" 200 OK
INFO:     DEBUG: Incoming request from Origin: http://localhost:3000
INFO:     DEBUG: Incoming request from Origin: http://localhost:3000
INFO:     127.0.0.1:52537 - "OPTIONS /api/auth/me HTTP/1.1" 200 OK
INFO:     127.0.0.1:52543 - "OPTIONS /api/auth/me HTTP/1.1" 200 OK
INFO:     DEBUG: Incoming request from Origin: http://localhost:3000
INFO:     DEBUG: Incoming request from Origin: http://localhost:3000
INFO:     127.0.0.1:52537 - "GET /api/auth/me HTTP/1.1" 200 OK
INFO:     127.0.0.1:52543 - "GET /api/auth/me HTTP/1.1" 200 OK
INFO:     DEBUG: Incoming request from Origin: http://localhost:3000
INFO:     DEBUG: Incoming request from Origin: http://localhost:3000
INFO:     DEBUG: Incoming request from Origin: http://localhost:3000
2026-02-11 12:17:04,919 - server - INFO - FETCHING FOLDERS...
INFO:     127.0.0.1:52536 - "GET /api/screens HTTP/1.1" 200 OK
INFO:     127.0.0.1:52537 - "GET /api/content/folders HTTP/1.1" 200 OK
INFO:     127.0.0.1:52543 - "GET /api/content HTTP/1.1" 200 OK
INFO:     DEBUG: Incoming request from Origin: http://localhost:3000
INFO:     DEBUG: Incoming request from Origin: http://localhost:3000
INFO:     DEBUG: Incoming request from Origin: http://localhost:3000
2026-02-11 12:17:05,258 - server - INFO - FETCHING FOLDERS...
INFO:     127.0.0.1:52537 - "GET /api/content/folders HTTP/1.1" 200 OK
INFO:     127.0.0.1:52536 - "GET /api/screens HTTP/1.1" 200 OK
INFO:     127.0.0.1:52543 - "GET /api/content HTTP/1.1" 200 OK
WARNING:  WatchFiles detected changes in 'server.py'. Reloading...
INFO:     Shutting down
INFO:     Waiting for application shutdown.
2026-02-11 12:23:02,291 - server - INFO - Shutting down...
INFO:     Application shutdown complete.
INFO:     Finished server process [29683]
2026-02-11 12:23:02,466 - server - INFO - Server starting...
INFO:     Started server process [30599]
INFO:     Waiting for application startup.
2026-02-11 12:23:02,811 - server - INFO - Initializing database connection...
INFO:     Connecting to database at aws-1-eu-west-1.pooler.supabase.com:5432/postgres (SSL: require)
INFO:     Connection attempt 1/3...
INFO:     Database connection established successfully via parameters.
2026-02-11 12:23:04,336 - server - INFO - Database initialized successfully.
INFO:     Application startup complete.
INFO:     DEBUG: Incoming request from Origin: http://localhost:3000
INFO:     DEBUG: Incoming request from Origin: http://localhost:3000
INFO:     127.0.0.1:54223 - "OPTIONS /api/auth/me HTTP/1.1" 200 OK
INFO:     127.0.0.1:54224 - "OPTIONS /api/auth/me HTTP/1.1" 200 OK
INFO:     DEBUG: Incoming request from Origin: http://localhost:3000
INFO:     DEBUG: Incoming request from Origin: http://localhost:3000
INFO:     127.0.0.1:54224 - "GET /api/auth/me HTTP/1.1" 200 OK
INFO:     127.0.0.1:54223 - "GET /api/auth/me HTTP/1.1" 200 OK
INFO:     DEBUG: Incoming request from Origin: http://localhost:3000
INFO:     DEBUG: Incoming request from Origin: http://localhost:3000
INFO:     DEBUG: Incoming request from Origin: http://localhost:3000
2026-02-11 12:23:16,248 - server - INFO - FETCHING FOLDERS...
INFO:     127.0.0.1:54223 - "GET /api/content HTTP/1.1" 200 OK
INFO:     DEBUG: Incoming request from Origin: http://localhost:3000
INFO:     127.0.0.1:54224 - "GET /api/content/folders HTTP/1.1" 200 OK
INFO:     DEBUG: Incoming request from Origin: http://localhost:3000
2026-02-11 12:23:16,653 - server - INFO - FETCHING FOLDERS...
INFO:     127.0.0.1:54223 - "GET /api/content HTTP/1.1" 200 OK
INFO:     127.0.0.1:54224 - "GET /api/content/folders HTTP/1.1" 200 OK
INFO:     127.0.0.1:54227 - "GET /api/screens HTTP/1.1" 200 OK
INFO:     DEBUG: Incoming request from Origin: http://localhost:3000
INFO:     127.0.0.1:54227 - "GET /api/screens HTTP/1.1" 200 OK
INFO:     DEBUG: Incoming request from Origin: http://localhost:3000
INFO:     DEBUG: Incoming request from Origin: http://localhost:3000
INFO:     127.0.0.1:55192 - "OPTIONS /api/auth/me HTTP/1.1" 200 OK
INFO:     127.0.0.1:55193 - "OPTIONS /api/auth/me HTTP/1.1" 200 OK
INFO:     DEBUG: Incoming request from Origin: http://localhost:3000
INFO:     DEBUG: Incoming request from Origin: http://localhost:3000
INFO:     127.0.0.1:55193 - "GET /api/auth/me HTTP/1.1" 200 OK
INFO:     127.0.0.1:55192 - "GET /api/auth/me HTTP/1.1" 200 OK
INFO:     DEBUG: Incoming request from Origin: http://localhost:3000
INFO:     DEBUG: Incoming request from Origin: http://localhost:3000
INFO:     127.0.0.1:55192 - "OPTIONS /api/content HTTP/1.1" 200 OK
INFO:     127.0.0.1:55193 - "OPTIONS /api/content/folders HTTP/1.1" 200 OK
INFO:     DEBUG: Incoming request from Origin: http://localhost:3000
INFO:     DEBUG: Incoming request from Origin: http://localhost:3000
INFO:     DEBUG: Incoming request from Origin: http://localhost:3000
INFO:     DEBUG: Incoming request from Origin: http://localhost:3000
INFO:     DEBUG: Incoming request from Origin: http://localhost:3000
INFO:     DEBUG: Incoming request from Origin: http://localhost:3000
INFO:     127.0.0.1:55201 - "OPTIONS /api/screens HTTP/1.1" 200 OK
INFO:     127.0.0.1:55203 - "OPTIONS /api/content HTTP/1.1" 200 OK
INFO:     127.0.0.1:55205 - "OPTIONS /api/content/folders HTTP/1.1" 200 OK
INFO:     127.0.0.1:55206 - "OPTIONS /api/screens HTTP/1.1" 200 OK
INFO:     DEBUG: Incoming request from Origin: http://localhost:3000
2026-02-11 12:26:53,005 - server - INFO - FETCHING FOLDERS...
INFO:     127.0.0.1:55193 - "GET /api/content/folders HTTP/1.1" 200 OK
INFO:     127.0.0.1:55192 - "GET /api/content HTTP/1.1" 200 OK
INFO:     DEBUG: Incoming request from Origin: http://localhost:3000
INFO:     DEBUG: Incoming request from Origin: http://localhost:3000
INFO:     127.0.0.1:55201 - "GET /api/screens HTTP/1.1" 200 OK
INFO:     DEBUG: Incoming request from Origin: http://localhost:3000
2026-02-11 12:26:53,440 - server - INFO - FETCHING FOLDERS...
INFO:     127.0.0.1:55193 - "GET /api/content/folders HTTP/1.1" 200 OK
INFO:     127.0.0.1:55201 - "GET /api/screens HTTP/1.1" 200 OK
INFO:     127.0.0.1:55192 - "GET /api/content HTTP/1.1" 200 OK
INFO:     DEBUG: Incoming request from Origin: http://localhost:3000
INFO:     DEBUG: Incoming request from Origin: http://localhost:3000
INFO:     DEBUG: Incoming request from Origin: http://localhost:3000
INFO:     127.0.0.1:55435 - "OPTIONS /api/locations HTTP/1.1" 200 OK
INFO:     127.0.0.1:55437 - "OPTIONS /api/locations HTTP/1.1" 200 OK
INFO:     DEBUG: Incoming request from Origin: http://localhost:3000
INFO:     127.0.0.1:55434 - "GET /api/screens HTTP/1.1" 200 OK
INFO:     DEBUG: Incoming request from Origin: http://localhost:3000
INFO:     127.0.0.1:55435 - "GET /api/locations HTTP/1.1" 200 OK
INFO:     DEBUG: Incoming request from Origin: http://localhost:3000
INFO:     DEBUG: Incoming request from Origin: http://localhost:3000
INFO:     DEBUG: Incoming request from Origin: http://localhost:3000
INFO:     DEBUG: Incoming request from Origin: http://localhost:3000
INFO:     DEBUG: Incoming request from Origin: http://localhost:3000
INFO:     127.0.0.1:55434 - "GET /api/screens HTTP/1.1" 200 OK
INFO:     DEBUG: Incoming request from Origin: http://localhost:3000
INFO:     127.0.0.1:55435 - "GET /api/locations HTTP/1.1" 200 OK
INFO:     DEBUG: Incoming request from Origin: http://localhost:3000
INFO:     127.0.0.1:55439 - "GET /api/auth/me HTTP/1.1" 200 OK
INFO:     127.0.0.1:55435 - "GET /api/display/mev1 HTTP/1.1" 200 OK
INFO:     DEBUG: Incoming request from Origin: http://localhost:3000
INFO:     DEBUG: Incoming request from Origin: http://localhost:3000
INFO:     127.0.0.1:55434 - "GET /api/display/br1 HTTP/1.1" 200 OK
INFO:     127.0.0.1:55439 - "GET /api/auth/me HTTP/1.1" 200 OK
INFO:     DEBUG: Incoming request from Origin: http://localhost:3000
INFO:     DEBUG: Incoming request from Origin: http://localhost:3000
INFO:     127.0.0.1:55434 - "POST /api/screens/379b4f70-10e3-454f-81db-e012844ee242/heartbeat HTTP/1.1" 200 OK
INFO:     127.0.0.1:55437 - "GET /api/display/bc1 HTTP/1.1" 200 OK
INFO:     DEBUG: Incoming request from Origin: http://localhost:3000
INFO:     DEBUG: Incoming request from Origin: http://localhost:3000
INFO:     127.0.0.1:55437 - "GET /api/auth/me HTTP/1.1" 200 OK
INFO:     DEBUG: Incoming request from Origin: http://localhost:3000
INFO:     127.0.0.1:55435 - "GET /api/display/mev1 HTTP/1.1" 200 OK
INFO:     DEBUG: Incoming request from Origin: http://localhost:3000
INFO:     127.0.0.1:55434 - "POST /api/screens/e6c1dc53-f66a-41a6-b56b-5333cb7168f6/heartbeat HTTP/1.1" 200 OK
INFO:     DEBUG: Incoming request from Origin: http://localhost:3000
INFO:     127.0.0.1:55434 - "GET /api/auth/me HTTP/1.1" 200 OK
INFO:     DEBUG: Incoming request from Origin: http://localhost:3000
INFO:     127.0.0.1:55435 - "POST /api/screens/3182fb15-e2f2-4a6a-b60b-10661378ebd6/heartbeat HTTP/1.1" 200 OK
INFO:     DEBUG: Incoming request from Origin: http://localhost:3000
INFO:     127.0.0.1:55439 - "GET /api/display/br1 HTTP/1.1" 200 OK
INFO:     DEBUG: Incoming request from Origin: http://localhost:3000
INFO:     127.0.0.1:55435 - "GET /api/auth/me HTTP/1.1" 200 OK
INFO:     DEBUG: Incoming request from Origin: http://localhost:3000
INFO:     127.0.0.1:55459 - "GET /api/display/bc2 HTTP/1.1" 200 OK
INFO:     127.0.0.1:55461 - "GET /api/display/bc3 HTTP/1.1" 200 OK
INFO:     127.0.0.1:55434 - "POST /api/screens/379b4f70-10e3-454f-81db-e012844ee242/heartbeat HTTP/1.1" 200 OK
INFO:     DEBUG: Incoming request from Origin: http://localhost:3000
INFO:     DEBUG: Incoming request from Origin: http://localhost:3000
INFO:     DEBUG: Incoming request from Origin: http://localhost:3000
INFO:     127.0.0.1:55435 - "GET /api/auth/me HTTP/1.1" 200 OK
INFO:     DEBUG: Incoming request from Origin: http://localhost:3000
INFO:     127.0.0.1:55439 - "POST /api/screens/e6c1dc53-f66a-41a6-b56b-5333cb7168f6/heartbeat HTTP/1.1" 200 OK
INFO:     DEBUG: Incoming request from Origin: http://localhost:3000
INFO:     127.0.0.1:55434 - "POST /api/screens/70b501fc-5a64-4178-af1e-4006339dbb94/heartbeat HTTP/1.1" 200 OK
INFO:     127.0.0.1:55435 - "POST /api/screens/9e7578ba-4b61-4c41-b257-d7b968456383/heartbeat HTTP/1.1" 200 OK
INFO:     127.0.0.1:55439 - "GET /api/auth/me HTTP/1.1" 200 OK
INFO:     DEBUG: Incoming request from Origin: http://localhost:3000
INFO:     127.0.0.1:55437 - "GET /api/display/bc1 HTTP/1.1" 200 OK
INFO:     DEBUG: Incoming request from Origin: http://localhost:3000
INFO:     127.0.0.1:55439 - "GET /api/auth/me HTTP/1.1" 200 OK
INFO:     DEBUG: Incoming request from Origin: http://localhost:3000
INFO:     127.0.0.1:55437 - "POST /api/screens/3182fb15-e2f2-4a6a-b60b-10661378ebd6/heartbeat HTTP/1.1" 200 OK
INFO:     127.0.0.1:55435 - "GET /api/auth/me HTTP/1.1" 200 OK
INFO:     DEBUG: Incoming request from Origin: http://localhost:3000
INFO:     127.0.0.1:55435 - "GET /api/auth/me HTTP/1.1" 200 OK
INFO:     127.0.0.1:55459 - "GET /api/display/bc2 HTTP/1.1" 200 OK
INFO:     127.0.0.1:55461 - "GET /api/display/bc3 HTTP/1.1" 200 OK
INFO:     DEBUG: Incoming request from Origin: http://localhost:3000
INFO:     DEBUG: Incoming request from Origin: http://localhost:3000
INFO:     127.0.0.1:55461 - "POST /api/screens/9e7578ba-4b61-4c41-b257-d7b968456383/heartbeat HTTP/1.1" 200 OK
INFO:     127.0.0.1:55459 - "POST /api/screens/70b501fc-5a64-4178-af1e-4006339dbb94/heartbeat HTTP/1.1" 200 OK
INFO:     DEBUG: Incoming request from Origin: http://localhost:3000
INFO:     DEBUG: Incoming request from Origin: http://localhost:3000
INFO:     127.0.0.1:55519 - "GET /api/display/mev1 HTTP/1.1" 200 OK
INFO:     DEBUG: Incoming request from Origin: http://localhost:3000
INFO:     127.0.0.1:55521 - "GET /api/display/br1 HTTP/1.1" 200 OK
INFO:     DEBUG: Incoming request from Origin: http://localhost:3000
INFO:     DEBUG: Incoming request from Origin: http://localhost:3000
INFO:     127.0.0.1:55519 - "GET /api/display/bc1 HTTP/1.1" 200 OK
INFO:     127.0.0.1:55527 - "GET /api/display/bc3 HTTP/1.1" 200 OK
INFO:     127.0.0.1:55521 - "GET /api/display/bc2 HTTP/1.1" 200 OK
INFO:     DEBUG: Incoming request from Origin: http://localhost:3000
INFO:     DEBUG: Incoming request from Origin: http://localhost:3000
INFO:     127.0.0.1:55569 - "GET /api/display/mev1 HTTP/1.1" 200 OK
INFO:     DEBUG: Incoming request from Origin: http://localhost:3000
INFO:     127.0.0.1:55571 - "GET /api/display/br1 HTTP/1.1" 200 OK
INFO:     DEBUG: Incoming request from Origin: http://localhost:3000
INFO:     DEBUG: Incoming request from Origin: http://localhost:3000
INFO:     127.0.0.1:55569 - "GET /api/display/bc1 HTTP/1.1" 200 OK
INFO:     127.0.0.1:55577 - "GET /api/display/bc3 HTTP/1.1" 200 OK
INFO:     127.0.0.1:55571 - "GET /api/display/bc2 HTTP/1.1" 200 OK
INFO:     DEBUG: Incoming request from Origin: http://localhost:3000
INFO:     DEBUG: Incoming request from Origin: http://localhost:3000
INFO:     127.0.0.1:55618 - "GET /api/display/mev1 HTTP/1.1" 200 OK
INFO:     DEBUG: Incoming request from Origin: http://localhost:3000
INFO:     127.0.0.1:55620 - "GET /api/display/br1 HTTP/1.1" 200 OK
INFO:     DEBUG: Incoming request from Origin: http://localhost:3000
INFO:     DEBUG: Incoming request from Origin: http://localhost:3000
INFO:     127.0.0.1:55618 - "GET /api/display/bc1 HTTP/1.1" 200 OK
INFO:     127.0.0.1:55620 - "GET /api/display/bc2 HTTP/1.1" 200 OK
INFO:     127.0.0.1:55626 - "GET /api/display/bc3 HTTP/1.1" 200 OK
INFO:     DEBUG: Incoming request from Origin: http://localhost:3000
INFO:     127.0.0.1:55668 - "GET /api/display/mev1 HTTP/1.1" 200 OK
INFO:     DEBUG: Incoming request from Origin: http://localhost:3000
INFO:     DEBUG: Incoming request from Origin: http://localhost:3000
INFO:     127.0.0.1:55668 - "GET /api/display/br1 HTTP/1.1" 200 OK
INFO:     127.0.0.1:55674 - "GET /api/display/bc1 HTTP/1.1" 200 OK
INFO:     DEBUG: Incoming request from Origin: http://localhost:3000
INFO:     DEBUG: Incoming request from Origin: http://localhost:3000
INFO:     127.0.0.1:55668 - "GET /api/display/bc3 HTTP/1.1" 200 OK
INFO:     127.0.0.1:55674 - "GET /api/display/bc2 HTTP/1.1" 200 OK
INFO:     DEBUG: Incoming request from Origin: http://localhost:3000
INFO:     127.0.0.1:55720 - "GET /api/display/mev1 HTTP/1.1" 200 OK
INFO:     DEBUG: Incoming request from Origin: http://localhost:3000
INFO:     DEBUG: Incoming request from Origin: http://localhost:3000
INFO:     127.0.0.1:55720 - "GET /api/display/br1 HTTP/1.1" 200 OK
INFO:     127.0.0.1:55727 - "GET /api/display/bc1 HTTP/1.1" 200 OK
INFO:     DEBUG: Incoming request from Origin: http://localhost:3000
INFO:     DEBUG: Incoming request from Origin: http://localhost:3000
INFO:     127.0.0.1:55727 - "GET /api/display/bc2 HTTP/1.1" 200 OK
INFO:     127.0.0.1:55720 - "GET /api/display/bc3 HTTP/1.1" 200 OK
INFO:     DEBUG: Incoming request from Origin: http://localhost:3000
INFO:     127.0.0.1:55765 - "GET /api/display/mev1 HTTP/1.1" 200 OK
INFO:     DEBUG: Incoming request from Origin: http://localhost:3000
INFO:     DEBUG: Incoming request from Origin: http://localhost:3000
INFO:     127.0.0.1:55765 - "GET /api/display/br1 HTTP/1.1" 200 OK
INFO:     127.0.0.1:55771 - "GET /api/display/bc1 HTTP/1.1" 200 OK
INFO:     DEBUG: Incoming request from Origin: http://localhost:3000
INFO:     DEBUG: Incoming request from Origin: http://localhost:3000
INFO:     127.0.0.1:55771 - "GET /api/display/bc2 HTTP/1.1" 200 OK
INFO:     127.0.0.1:55765 - "GET /api/display/bc3 HTTP/1.1" 200 OK
INFO:     DEBUG: Incoming request from Origin: http://localhost:3000
INFO:     127.0.0.1:55814 - "GET /api/display/mev1 HTTP/1.1" 200 OK
INFO:     DEBUG: Incoming request from Origin: http://localhost:3000
INFO:     DEBUG: Incoming request from Origin: http://localhost:3000
INFO:     127.0.0.1:55814 - "GET /api/display/br1 HTTP/1.1" 200 OK
INFO:     127.0.0.1:55820 - "GET /api/display/bc1 HTTP/1.1" 200 OK
INFO:     DEBUG: Incoming request from Origin: http://localhost:3000
INFO:     DEBUG: Incoming request from Origin: http://localhost:3000
INFO:     127.0.0.1:55814 - "GET /api/display/bc3 HTTP/1.1" 200 OK
INFO:     127.0.0.1:55820 - "GET /api/display/bc2 HTTP/1.1" 200 OK
INFO:     DEBUG: Incoming request from Origin: http://localhost:3000
INFO:     127.0.0.1:55863 - "GET /api/display/mev1 HTTP/1.1" 200 OK
INFO:     DEBUG: Incoming request from Origin: http://localhost:3000
INFO:     DEBUG: Incoming request from Origin: http://localhost:3000
INFO:     127.0.0.1:55863 - "GET /api/display/br1 HTTP/1.1" 200 OK
INFO:     127.0.0.1:55869 - "GET /api/display/bc1 HTTP/1.1" 200 OK
INFO:     DEBUG: Incoming request from Origin: http://localhost:3000
INFO:     DEBUG: Incoming request from Origin: http://localhost:3000
INFO:     127.0.0.1:55863 - "GET /api/display/bc3 HTTP/1.1" 200 OK
INFO:     127.0.0.1:55869 - "GET /api/display/bc2 HTTP/1.1" 200 OK
INFO:     DEBUG: Incoming request from Origin: http://localhost:3000
INFO:     127.0.0.1:55911 - "GET /api/display/mev1 HTTP/1.1" 200 OK
INFO:     DEBUG: Incoming request from Origin: http://localhost:3000
INFO:     DEBUG: Incoming request from Origin: http://localhost:3000
INFO:     127.0.0.1:55911 - "GET /api/display/br1 HTTP/1.1" 200 OK
INFO:     127.0.0.1:55917 - "GET /api/display/bc1 HTTP/1.1" 200 OK
INFO:     DEBUG: Incoming request from Origin: http://localhost:3000
INFO:     DEBUG: Incoming request from Origin: http://localhost:3000
INFO:     127.0.0.1:55917 - "GET /api/display/bc2 HTTP/1.1" 200 OK
INFO:     127.0.0.1:55911 - "GET /api/display/bc3 HTTP/1.1" 200 OK
INFO:     DEBUG: Incoming request from Origin: http://localhost:3000
INFO:     DEBUG: Incoming request from Origin: http://localhost:3000
INFO:     DEBUG: Incoming request from Origin: http://localhost:3000
INFO:     DEBUG: Incoming request from Origin: http://localhost:3000
INFO:     DEBUG: Incoming request from Origin: http://localhost:3000
INFO:     127.0.0.1:56098 - "GET /api/display/mev1 HTTP/1.1" 200 OK
INFO:     127.0.0.1:56101 - "GET /api/display/br1 HTTP/1.1" 200 OK
INFO:     127.0.0.1:56099 - "GET /api/display/bc1 HTTP/1.1" 200 OK
INFO:     127.0.0.1:56103 - "GET /api/display/bc3 HTTP/1.1" 200 OK
INFO:     127.0.0.1:56105 - "GET /api/display/bc2 HTTP/1.1" 200 OK
INFO:     DEBUG: Incoming request from Origin: http://localhost:3000
INFO:     DEBUG: Incoming request from Origin: http://localhost:3000
INFO:     DEBUG: Incoming request from Origin: http://localhost:3000
INFO:     DEBUG: Incoming request from Origin: http://localhost:3000
INFO:     DEBUG: Incoming request from Origin: http://localhost:3000
INFO:     127.0.0.1:56348 - "GET /api/display/mev1 HTTP/1.1" 200 OK
INFO:     127.0.0.1:56355 - "GET /api/display/br1 HTTP/1.1" 200 OK
INFO:     127.0.0.1:56353 - "GET /api/display/bc2 HTTP/1.1" 200 OK
INFO:     127.0.0.1:56351 - "GET /api/display/bc1 HTTP/1.1" 200 OK
INFO:     127.0.0.1:56356 - "GET /api/display/bc3 HTTP/1.1" 200 OK
INFO:     DEBUG: Incoming request from Origin: http://localhost:3000
INFO:     DEBUG: Incoming request from Origin: http://localhost:3000
INFO:     127.0.0.1:56356 - "OPTIONS /api/auth/me HTTP/1.1" 200 OK
INFO:     127.0.0.1:56351 - "OPTIONS /api/auth/me HTTP/1.1" 200 OK
INFO:     DEBUG: Incoming request from Origin: http://localhost:3000
INFO:     DEBUG: Incoming request from Origin: http://localhost:3000
INFO:     127.0.0.1:56356 - "GET /api/auth/me HTTP/1.1" 200 OK
INFO:     DEBUG: Incoming request from Origin: http://localhost:3000
INFO:     DEBUG: Incoming request from Origin: http://localhost:3000
INFO:     127.0.0.1:56351 - "GET /api/auth/me HTTP/1.1" 200 OK
INFO:     127.0.0.1:56356 - "GET /api/screens HTTP/1.1" 200 OK
INFO:     DEBUG: Incoming request from Origin: http://localhost:3000
INFO:     127.0.0.1:56353 - "GET /api/locations HTTP/1.1" 200 OK
INFO:     DEBUG: Incoming request from Origin: http://localhost:3000
INFO:     127.0.0.1:56356 - "GET /api/screens HTTP/1.1" 200 OK
INFO:     DEBUG: Incoming request from Origin: http://localhost:3000
INFO:     DEBUG: Incoming request from Origin: http://localhost:3000
INFO:     DEBUG: Incoming request from Origin: http://localhost:3000
INFO:     DEBUG: Incoming request from Origin: http://localhost:3000
INFO:     DEBUG: Incoming request from Origin: http://localhost:3000
INFO:     127.0.0.1:56353 - "GET /api/locations HTTP/1.1" 200 OK
INFO:     DEBUG: Incoming request from Origin: http://localhost:3000
INFO:     DEBUG: Incoming request from Origin: http://localhost:3000
INFO:     DEBUG: Incoming request from Origin: http://localhost:3000
INFO:     DEBUG: Incoming request from Origin: http://localhost:3000
INFO:     DEBUG: Incoming request from Origin: http://localhost:3000
INFO:     DEBUG: Incoming request from Origin: http://localhost:3000
INFO:     DEBUG: Incoming request from Origin: http://localhost:3000
INFO:     DEBUG: Incoming request from Origin: http://localhost:3000
INFO:     DEBUG: Incoming request from Origin: http://localhost:3000
INFO:     DEBUG: Incoming request from Origin: http://localhost:3000
2026-02-11 12:30:52,071 - server - INFO - FETCHING FOLDERS...
INFO:     127.0.0.1:56433 - "GET /api/screens HTTP/1.1" 200 OK
INFO:     DEBUG: Incoming request from Origin: http://localhost:3000
INFO:     127.0.0.1:56425 - "GET /api/content HTTP/1.1" 200 OK
INFO:     DEBUG: Incoming request from Origin: http://localhost:3000
ERROR:    Exception in ASGI application
Traceback (most recent call last):
  File "/Users/eugeniucazmal/Library/Python/3.9/lib/python/site-packages/uvicorn/protocols/http/h11_impl.py", line 409, in run_asgi
    result = await app(  # type: ignore[func-returns-value]
  File "/Users/eugeniucazmal/Library/Python/3.9/lib/python/site-packages/uvicorn/middleware/proxy_headers.py", line 60, in __call__
    return await self.app(scope, receive, send)
  File "/Users/eugeniucazmal/Library/Python/3.9/lib/python/site-packages/fastapi/applications.py", line 1135, in __call__
    await super().__call__(scope, receive, send)
  File "/Users/eugeniucazmal/Library/Python/3.9/lib/python/site-packages/starlette/applications.py", line 113, in __call__
    await self.middleware_stack(scope, receive, send)
  File "/Users/eugeniucazmal/Library/Python/3.9/lib/python/site-packages/starlette/middleware/errors.py", line 186, in __call__
    raise exc
  File "/Users/eugeniucazmal/Library/Python/3.9/lib/python/site-packages/starlette/middleware/errors.py", line 164, in __call__
    await self.app(scope, receive, _send)
  File "/Users/eugeniucazmal/Library/Python/3.9/lib/python/site-packages/starlette/middleware/base.py", line 196, in __call__
    recv_stream.close()
  File "/Library/Developer/CommandLineTools/Library/Frameworks/Python3.framework/Versions/3.9/lib/python3.9/contextlib.py", line 135, in __exit__
    self.gen.throw(type, value, traceback)
  File "/Users/eugeniucazmal/Library/Python/3.9/lib/python/site-packages/starlette/_utils.py", line 85, in collapse_excgroups
    raise exc
  File "/Users/eugeniucazmal/Library/Python/3.9/lib/python/site-packages/starlette/middleware/base.py", line 193, in __call__
    response = await self.dispatch_func(request, call_next)
  File "/Users/eugeniucazmal/Downloads/dev_office/tv_screen_emer/tv_screen-main/backend/server.py", line 235, in log_origin_middleware
    return await call_next(request)
  File "/Users/eugeniucazmal/Library/Python/3.9/lib/python/site-packages/starlette/middleware/base.py", line 168, in call_next
    raise app_exc from app_exc.__cause__ or app_exc.__context__
  File "/Users/eugeniucazmal/Library/Python/3.9/lib/python/site-packages/starlette/middleware/base.py", line 144, in coro
    await self.app(scope, receive_or_disconnect, send_no_error)
  File "/Users/eugeniucazmal/Library/Python/3.9/lib/python/site-packages/starlette/middleware/cors.py", line 93, in __call__
    await self.simple_response(scope, receive, send, request_headers=headers)
  File "/Users/eugeniucazmal/Library/Python/3.9/lib/python/site-packages/starlette/middleware/cors.py", line 144, in simple_response
    await self.app(scope, receive, send)
  File "/Users/eugeniucazmal/Library/Python/3.9/lib/python/site-packages/starlette/middleware/exceptions.py", line 63, in __call__
    await wrap_app_handling_exceptions(self.app, conn)(scope, receive, send)
  File "/Users/eugeniucazmal/Library/Python/3.9/lib/python/site-packages/starlette/_exception_handler.py", line 53, in wrapped_app
    raise exc
  File "/Users/eugeniucazmal/Library/Python/3.9/lib/python/site-packages/starlette/_exception_handler.py", line 42, in wrapped_app
    await app(scope, receive, sender)
  File "/Users/eugeniucazmal/Library/Python/3.9/lib/python/site-packages/fastapi/middleware/asyncexitstack.py", line 18, in __call__
    await self.app(scope, receive, send)
  File "/Users/eugeniucazmal/Library/Python/3.9/lib/python/site-packages/starlette/routing.py", line 716, in __call__
    await self.middleware_stack(scope, receive, send)
  File "/Users/eugeniucazmal/Library/Python/3.9/lib/python/site-packages/starlette/routing.py", line 736, in app
    await route.handle(scope, receive, send)
  File "/Users/eugeniucazmal/Library/Python/3.9/lib/python/site-packages/starlette/routing.py", line 290, in handle
    await self.app(scope, receive, send)
  File "/Users/eugeniucazmal/Library/Python/3.9/lib/python/site-packages/fastapi/routing.py", line 115, in app
    await wrap_app_handling_exceptions(app, request)(scope, receive, send)
  File "/Users/eugeniucazmal/Library/Python/3.9/lib/python/site-packages/starlette/_exception_handler.py", line 53, in wrapped_app
    raise exc
  File "/Users/eugeniucazmal/Library/Python/3.9/lib/python/site-packages/starlette/_exception_handler.py", line 42, in wrapped_app
    await app(scope, receive, sender)
  File "/Users/eugeniucazmal/Library/Python/3.9/lib/python/site-packages/fastapi/routing.py", line 101, in app
    response = await f(request)
  File "/Users/eugeniucazmal/Library/Python/3.9/lib/python/site-packages/fastapi/routing.py", line 345, in app
    solved_result = await solve_dependencies(
  File "/Users/eugeniucazmal/Library/Python/3.9/lib/python/site-packages/fastapi/dependencies/utils.py", line 643, in solve_dependencies
    solved = await call(**solved_result.values)
  File "/Users/eugeniucazmal/Downloads/dev_office/tv_screen_emer/tv_screen-main/backend/server.py", line 604, in get_current_user
    user_doc = await user_get_by_email(email)
  File "/Users/eugeniucazmal/Downloads/dev_office/tv_screen_emer/tv_screen-main/backend/db.py", line 216, in user_get_by_email
    return await _fetch_one("SELECT * FROM users WHERE email = $1", email)
  File "/Users/eugeniucazmal/Downloads/dev_office/tv_screen_emer/tv_screen-main/backend/db.py", line 189, in _fetch_one
    async with pool.acquire() as c:
  File "/Users/eugeniucazmal/Library/Python/3.9/lib/python/site-packages/asyncpg/pool.py", line 1056, in __aenter__
    self.connection = await self.pool._acquire(self.timeout)
  File "/Users/eugeniucazmal/Library/Python/3.9/lib/python/site-packages/asyncpg/pool.py", line 896, in _acquire
    return await _acquire_impl()
  File "/Users/eugeniucazmal/Library/Python/3.9/lib/python/site-packages/asyncpg/pool.py", line 881, in _acquire_impl
    proxy = await ch.acquire()  # type: PoolConnectionProxy
  File "/Users/eugeniucazmal/Library/Python/3.9/lib/python/site-packages/asyncpg/pool.py", line 161, in acquire
    await self.connect()
  File "/Users/eugeniucazmal/Library/Python/3.9/lib/python/site-packages/asyncpg/pool.py", line 153, in connect
    self._con = await self._pool._get_new_connection()
  File "/Users/eugeniucazmal/Library/Python/3.9/lib/python/site-packages/asyncpg/pool.py", line 538, in _get_new_connection
    con = await self._connect(
  File "/Users/eugeniucazmal/Library/Python/3.9/lib/python/site-packages/asyncpg/connection.py", line 2443, in connect
    return await connect_utils._connect(
  File "/Users/eugeniucazmal/Library/Python/3.9/lib/python/site-packages/asyncpg/connect_utils.py", line 1218, in _connect
    conn = await _connect_addr(
  File "/Users/eugeniucazmal/Library/Python/3.9/lib/python/site-packages/asyncpg/connect_utils.py", line 1050, in _connect_addr
    return await __connect_addr(params, False, *args)
  File "/Users/eugeniucazmal/Library/Python/3.9/lib/python/site-packages/asyncpg/connect_utils.py", line 1102, in __connect_addr
    await connected
asyncpg.exceptions.InternalServerError: Max client connections reached
ERROR:    Exception in ASGI application
Traceback (most recent call last):
  File "/Users/eugeniucazmal/Library/Python/3.9/lib/python/site-packages/uvicorn/protocols/http/h11_impl.py", line 409, in run_asgi
    result = await app(  # type: ignore[func-returns-value]
  File "/Users/eugeniucazmal/Library/Python/3.9/lib/python/site-packages/uvicorn/middleware/proxy_headers.py", line 60, in __call__
    return await self.app(scope, receive, send)
  File "/Users/eugeniucazmal/Library/Python/3.9/lib/python/site-packages/fastapi/applications.py", line 1135, in __call__
    await super().__call__(scope, receive, send)
  File "/Users/eugeniucazmal/Library/Python/3.9/lib/python/site-packages/starlette/applications.py", line 113, in __call__
    await self.middleware_stack(scope, receive, send)
  File "/Users/eugeniucazmal/Library/Python/3.9/lib/python/site-packages/starlette/middleware/errors.py", line 186, in __call__
    raise exc
  File "/Users/eugeniucazmal/Library/Python/3.9/lib/python/site-packages/starlette/middleware/errors.py", line 164, in __call__
    await self.app(scope, receive, _send)
  File "/Users/eugeniucazmal/Library/Python/3.9/lib/python/site-packages/starlette/middleware/base.py", line 196, in __call__
    recv_stream.close()
  File "/Library/Developer/CommandLineTools/Library/Frameworks/Python3.framework/Versions/3.9/lib/python3.9/contextlib.py", line 135, in __exit__
    self.gen.throw(type, value, traceback)
  File "/Users/eugeniucazmal/Library/Python/3.9/lib/python/site-packages/starlette/_utils.py", line 85, in collapse_excgroups
    raise exc
  File "/Users/eugeniucazmal/Library/Python/3.9/lib/python/site-packages/starlette/middleware/base.py", line 193, in __call__
    response = await self.dispatch_func(request, call_next)
  File "/Users/eugeniucazmal/Downloads/dev_office/tv_screen_emer/tv_screen-main/backend/server.py", line 235, in log_origin_middleware
    return await call_next(request)
  File "/Users/eugeniucazmal/Library/Python/3.9/lib/python/site-packages/starlette/middleware/base.py", line 168, in call_next
    raise app_exc from app_exc.__cause__ or app_exc.__context__
  File "/Users/eugeniucazmal/Library/Python/3.9/lib/python/site-packages/starlette/middleware/base.py", line 144, in coro
    await self.app(scope, receive_or_disconnect, send_no_error)
  File "/Users/eugeniucazmal/Library/Python/3.9/lib/python/site-packages/starlette/middleware/cors.py", line 93, in __call__
    await self.simple_response(scope, receive, send, request_headers=headers)
  File "/Users/eugeniucazmal/Library/Python/3.9/lib/python/site-packages/starlette/middleware/cors.py", line 144, in simple_response
    await self.app(scope, receive, send)
  File "/Users/eugeniucazmal/Library/Python/3.9/lib/python/site-packages/starlette/middleware/exceptions.py", line 63, in __call__
    await wrap_app_handling_exceptions(self.app, conn)(scope, receive, send)
  File "/Users/eugeniucazmal/Library/Python/3.9/lib/python/site-packages/starlette/_exception_handler.py", line 53, in wrapped_app
    raise exc
  File "/Users/eugeniucazmal/Library/Python/3.9/lib/python/site-packages/starlette/_exception_handler.py", line 42, in wrapped_app
    await app(scope, receive, sender)
  File "/Users/eugeniucazmal/Library/Python/3.9/lib/python/site-packages/fastapi/middleware/asyncexitstack.py", line 18, in __call__
    await self.app(scope, receive, send)
  File "/Users/eugeniucazmal/Library/Python/3.9/lib/python/site-packages/starlette/routing.py", line 716, in __call__
    await self.middleware_stack(scope, receive, send)
  File "/Users/eugeniucazmal/Library/Python/3.9/lib/python/site-packages/starlette/routing.py", line 736, in app
    await route.handle(scope, receive, send)
  File "/Users/eugeniucazmal/Library/Python/3.9/lib/python/site-packages/starlette/routing.py", line 290, in handle
    await self.app(scope, receive, send)
  File "/Users/eugeniucazmal/Library/Python/3.9/lib/python/site-packages/fastapi/routing.py", line 115, in app
    await wrap_app_handling_exceptions(app, request)(scope, receive, send)
  File "/Users/eugeniucazmal/Library/Python/3.9/lib/python/site-packages/starlette/_exception_handler.py", line 53, in wrapped_app
    raise exc
  File "/Users/eugeniucazmal/Library/Python/3.9/lib/python/site-packages/starlette/_exception_handler.py", line 42, in wrapped_app
    await app(scope, receive, sender)
  File "/Users/eugeniucazmal/Library/Python/3.9/lib/python/site-packages/fastapi/routing.py", line 101, in app
    response = await f(request)
  File "/Users/eugeniucazmal/Library/Python/3.9/lib/python/site-packages/fastapi/routing.py", line 345, in app
    solved_result = await solve_dependencies(
  File "/Users/eugeniucazmal/Library/Python/3.9/lib/python/site-packages/fastapi/dependencies/utils.py", line 643, in solve_dependencies
    solved = await call(**solved_result.values)
  File "/Users/eugeniucazmal/Downloads/dev_office/tv_screen_emer/tv_screen-main/backend/server.py", line 604, in get_current_user
    user_doc = await user_get_by_email(email)
  File "/Users/eugeniucazmal/Downloads/dev_office/tv_screen_emer/tv_screen-main/backend/db.py", line 216, in user_get_by_email
    return await _fetch_one("SELECT * FROM users WHERE email = $1", email)
  File "/Users/eugeniucazmal/Downloads/dev_office/tv_screen_emer/tv_screen-main/backend/db.py", line 189, in _fetch_one
    async with pool.acquire() as c:
  File "/Users/eugeniucazmal/Library/Python/3.9/lib/python/site-packages/asyncpg/pool.py", line 1056, in __aenter__
    self.connection = await self.pool._acquire(self.timeout)
  File "/Users/eugeniucazmal/Library/Python/3.9/lib/python/site-packages/asyncpg/pool.py", line 896, in _acquire
    return await _acquire_impl()
  File "/Users/eugeniucazmal/Library/Python/3.9/lib/python/site-packages/asyncpg/pool.py", line 881, in _acquire_impl
    proxy = await ch.acquire()  # type: PoolConnectionProxy
  File "/Users/eugeniucazmal/Library/Python/3.9/lib/python/site-packages/asyncpg/pool.py", line 161, in acquire
    await self.connect()
  File "/Users/eugeniucazmal/Library/Python/3.9/lib/python/site-packages/asyncpg/pool.py", line 153, in connect
    self._con = await self._pool._get_new_connection()
  File "/Users/eugeniucazmal/Library/Python/3.9/lib/python/site-packages/asyncpg/pool.py", line 538, in _get_new_connection
    con = await self._connect(
  File "/Users/eugeniucazmal/Library/Python/3.9/lib/python/site-packages/asyncpg/connection.py", line 2443, in connect
    return await connect_utils._connect(
  File "/Users/eugeniucazmal/Library/Python/3.9/lib/python/site-packages/asyncpg/connect_utils.py", line 1218, in _connect
    conn = await _connect_addr(
  File "/Users/eugeniucazmal/Library/Python/3.9/lib/python/site-packages/asyncpg/connect_utils.py", line 1050, in _connect_addr
    return await __connect_addr(params, False, *args)
  File "/Users/eugeniucazmal/Library/Python/3.9/lib/python/site-packages/asyncpg/connect_utils.py", line 1102, in __connect_addr
    await connected
asyncpg.exceptions.InternalServerError: Max client connections reached
INFO:     127.0.0.1:56432 - "GET /api/content/folders HTTP/1.1" 200 OK
ERROR:    Exception in ASGI application
Traceback (most recent call last):
  File "/Users/eugeniucazmal/Library/Python/3.9/lib/python/site-packages/uvicorn/protocols/http/h11_impl.py", line 409, in run_asgi
    result = await app(  # type: ignore[func-returns-value]
  File "/Users/eugeniucazmal/Library/Python/3.9/lib/python/site-packages/uvicorn/middleware/proxy_headers.py", line 60, in __call__
    return await self.app(scope, receive, send)
  File "/Users/eugeniucazmal/Library/Python/3.9/lib/python/site-packages/fastapi/applications.py", line 1135, in __call__
    await super().__call__(scope, receive, send)
  File "/Users/eugeniucazmal/Library/Python/3.9/lib/python/site-packages/starlette/applications.py", line 113, in __call__
    await self.middleware_stack(scope, receive, send)
  File "/Users/eugeniucazmal/Library/Python/3.9/lib/python/site-packages/starlette/middleware/errors.py", line 186, in __call__
    raise exc
  File "/Users/eugeniucazmal/Library/Python/3.9/lib/python/site-packages/starlette/middleware/errors.py", line 164, in __call__
    await self.app(scope, receive, _send)
  File "/Users/eugeniucazmal/Library/Python/3.9/lib/python/site-packages/starlette/middleware/base.py", line 196, in __call__
    recv_stream.close()
  File "/Library/Developer/CommandLineTools/Library/Frameworks/Python3.framework/Versions/3.9/lib/python3.9/contextlib.py", line 135, in __exit__
    self.gen.throw(type, value, traceback)
  File "/Users/eugeniucazmal/Library/Python/3.9/lib/python/site-packages/starlette/_utils.py", line 85, in collapse_excgroups
    raise exc
  File "/Users/eugeniucazmal/Library/Python/3.9/lib/python/site-packages/starlette/middleware/base.py", line 193, in __call__
    response = await self.dispatch_func(request, call_next)
  File "/Users/eugeniucazmal/Downloads/dev_office/tv_screen_emer/tv_screen-main/backend/server.py", line 235, in log_origin_middleware
    return await call_next(request)
  File "/Users/eugeniucazmal/Library/Python/3.9/lib/python/site-packages/starlette/middleware/base.py", line 168, in call_next
    raise app_exc from app_exc.__cause__ or app_exc.__context__
  File "/Users/eugeniucazmal/Library/Python/3.9/lib/python/site-packages/starlette/middleware/base.py", line 144, in coro
    await self.app(scope, receive_or_disconnect, send_no_error)
  File "/Users/eugeniucazmal/Library/Python/3.9/lib/python/site-packages/starlette/middleware/cors.py", line 93, in __call__
    await self.simple_response(scope, receive, send, request_headers=headers)
  File "/Users/eugeniucazmal/Library/Python/3.9/lib/python/site-packages/starlette/middleware/cors.py", line 144, in simple_response
    await self.app(scope, receive, send)
  File "/Users/eugeniucazmal/Library/Python/3.9/lib/python/site-packages/starlette/middleware/exceptions.py", line 63, in __call__
    await wrap_app_handling_exceptions(self.app, conn)(scope, receive, send)
  File "/Users/eugeniucazmal/Library/Python/3.9/lib/python/site-packages/starlette/_exception_handler.py", line 53, in wrapped_app
    raise exc
  File "/Users/eugeniucazmal/Library/Python/3.9/lib/python/site-packages/starlette/_exception_handler.py", line 42, in wrapped_app
    await app(scope, receive, sender)
  File "/Users/eugeniucazmal/Library/Python/3.9/lib/python/site-packages/fastapi/middleware/asyncexitstack.py", line 18, in __call__
    await self.app(scope, receive, send)
  File "/Users/eugeniucazmal/Library/Python/3.9/lib/python/site-packages/starlette/routing.py", line 716, in __call__
    await self.middleware_stack(scope, receive, send)
  File "/Users/eugeniucazmal/Library/Python/3.9/lib/python/site-packages/starlette/routing.py", line 736, in app
    await route.handle(scope, receive, send)
  File "/Users/eugeniucazmal/Library/Python/3.9/lib/python/site-packages/starlette/routing.py", line 290, in handle
    await self.app(scope, receive, send)
  File "/Users/eugeniucazmal/Library/Python/3.9/lib/python/site-packages/fastapi/routing.py", line 115, in app
    await wrap_app_handling_exceptions(app, request)(scope, receive, send)
  File "/Users/eugeniucazmal/Library/Python/3.9/lib/python/site-packages/starlette/_exception_handler.py", line 53, in wrapped_app
    raise exc
  File "/Users/eugeniucazmal/Library/Python/3.9/lib/python/site-packages/starlette/_exception_handler.py", line 42, in wrapped_app
    await app(scope, receive, sender)
  File "/Users/eugeniucazmal/Library/Python/3.9/lib/python/site-packages/fastapi/routing.py", line 101, in app
    response = await f(request)
  File "/Users/eugeniucazmal/Library/Python/3.9/lib/python/site-packages/fastapi/routing.py", line 345, in app
    solved_result = await solve_dependencies(
  File "/Users/eugeniucazmal/Library/Python/3.9/lib/python/site-packages/fastapi/dependencies/utils.py", line 643, in solve_dependencies
    solved = await call(**solved_result.values)
  File "/Users/eugeniucazmal/Downloads/dev_office/tv_screen_emer/tv_screen-main/backend/server.py", line 604, in get_current_user
    user_doc = await user_get_by_email(email)
  File "/Users/eugeniucazmal/Downloads/dev_office/tv_screen_emer/tv_screen-main/backend/db.py", line 216, in user_get_by_email
    return await _fetch_one("SELECT * FROM users WHERE email = $1", email)
  File "/Users/eugeniucazmal/Downloads/dev_office/tv_screen_emer/tv_screen-main/backend/db.py", line 189, in _fetch_one
    async with pool.acquire() as c:
  File "/Users/eugeniucazmal/Library/Python/3.9/lib/python/site-packages/asyncpg/pool.py", line 1056, in __aenter__
    self.connection = await self.pool._acquire(self.timeout)
  File "/Users/eugeniucazmal/Library/Python/3.9/lib/python/site-packages/asyncpg/pool.py", line 896, in _acquire
    return await _acquire_impl()
  File "/Users/eugeniucazmal/Library/Python/3.9/lib/python/site-packages/asyncpg/pool.py", line 881, in _acquire_impl
    proxy = await ch.acquire()  # type: PoolConnectionProxy
  File "/Users/eugeniucazmal/Library/Python/3.9/lib/python/site-packages/asyncpg/pool.py", line 161, in acquire
    await self.connect()
  File "/Users/eugeniucazmal/Library/Python/3.9/lib/python/site-packages/asyncpg/pool.py", line 153, in connect
    self._con = await self._pool._get_new_connection()
  File "/Users/eugeniucazmal/Library/Python/3.9/lib/python/site-packages/asyncpg/pool.py", line 538, in _get_new_connection
    con = await self._connect(
  File "/Users/eugeniucazmal/Library/Python/3.9/lib/python/site-packages/asyncpg/connection.py", line 2443, in connect
    return await connect_utils._connect(
  File "/Users/eugeniucazmal/Library/Python/3.9/lib/python/site-packages/asyncpg/connect_utils.py", line 1218, in _connect
    conn = await _connect_addr(
  File "/Users/eugeniucazmal/Library/Python/3.9/lib/python/site-packages/asyncpg/connect_utils.py", line 1050, in _connect_addr
    return await __connect_addr(params, False, *args)
  File "/Users/eugeniucazmal/Library/Python/3.9/lib/python/site-packages/asyncpg/connect_utils.py", line 1102, in __connect_addr
    await connected
asyncpg.exceptions.InternalServerError: Max client connections reached
INFO:     DEBUG: Incoming request from Origin: http://localhost:3000
INFO:     127.0.0.1:56433 - "GET /api/screens HTTP/1.1" 200 OK
INFO:     127.0.0.1:56425 - "GET /api/content HTTP/1.1" 500 Internal Server Error
ERROR:    Exception in ASGI application
Traceback (most recent call last):
  File "/Users/eugeniucazmal/Library/Python/3.9/lib/python/site-packages/uvicorn/protocols/http/h11_impl.py", line 409, in run_asgi
    result = await app(  # type: ignore[func-returns-value]
  File "/Users/eugeniucazmal/Library/Python/3.9/lib/python/site-packages/uvicorn/middleware/proxy_headers.py", line 60, in __call__
    return await self.app(scope, receive, send)
  File "/Users/eugeniucazmal/Library/Python/3.9/lib/python/site-packages/fastapi/applications.py", line 1135, in __call__
    await super().__call__(scope, receive, send)
  File "/Users/eugeniucazmal/Library/Python/3.9/lib/python/site-packages/starlette/applications.py", line 113, in __call__
    await self.middleware_stack(scope, receive, send)
  File "/Users/eugeniucazmal/Library/Python/3.9/lib/python/site-packages/starlette/middleware/errors.py", line 186, in __call__
    raise exc
  File "/Users/eugeniucazmal/Library/Python/3.9/lib/python/site-packages/starlette/middleware/errors.py", line 164, in __call__
    await self.app(scope, receive, _send)
  File "/Users/eugeniucazmal/Library/Python/3.9/lib/python/site-packages/starlette/middleware/base.py", line 196, in __call__
    recv_stream.close()
  File "/Library/Developer/CommandLineTools/Library/Frameworks/Python3.framework/Versions/3.9/lib/python3.9/contextlib.py", line 135, in __exit__
    self.gen.throw(type, value, traceback)
  File "/Users/eugeniucazmal/Library/Python/3.9/lib/python/site-packages/starlette/_utils.py", line 85, in collapse_excgroups
    raise exc
  File "/Users/eugeniucazmal/Library/Python/3.9/lib/python/site-packages/starlette/middleware/base.py", line 193, in __call__
    response = await self.dispatch_func(request, call_next)
  File "/Users/eugeniucazmal/Downloads/dev_office/tv_screen_emer/tv_screen-main/backend/server.py", line 235, in log_origin_middleware
    return await call_next(request)
  File "/Users/eugeniucazmal/Library/Python/3.9/lib/python/site-packages/starlette/middleware/base.py", line 168, in call_next
    raise app_exc from app_exc.__cause__ or app_exc.__context__
  File "/Users/eugeniucazmal/Library/Python/3.9/lib/python/site-packages/starlette/middleware/base.py", line 144, in coro
    await self.app(scope, receive_or_disconnect, send_no_error)
  File "/Users/eugeniucazmal/Library/Python/3.9/lib/python/site-packages/starlette/middleware/cors.py", line 93, in __call__
    await self.simple_response(scope, receive, send, request_headers=headers)
  File "/Users/eugeniucazmal/Library/Python/3.9/lib/python/site-packages/starlette/middleware/cors.py", line 144, in simple_response
    await self.app(scope, receive, send)
  File "/Users/eugeniucazmal/Library/Python/3.9/lib/python/site-packages/starlette/middleware/exceptions.py", line 63, in __call__
    await wrap_app_handling_exceptions(self.app, conn)(scope, receive, send)
  File "/Users/eugeniucazmal/Library/Python/3.9/lib/python/site-packages/starlette/_exception_handler.py", line 53, in wrapped_app
    raise exc
  File "/Users/eugeniucazmal/Library/Python/3.9/lib/python/site-packages/starlette/_exception_handler.py", line 42, in wrapped_app
    await app(scope, receive, sender)
  File "/Users/eugeniucazmal/Library/Python/3.9/lib/python/site-packages/fastapi/middleware/asyncexitstack.py", line 18, in __call__
    await self.app(scope, receive, send)
  File "/Users/eugeniucazmal/Library/Python/3.9/lib/python/site-packages/starlette/routing.py", line 716, in __call__
    await self.middleware_stack(scope, receive, send)
  File "/Users/eugeniucazmal/Library/Python/3.9/lib/python/site-packages/starlette/routing.py", line 736, in app
    await route.handle(scope, receive, send)
  File "/Users/eugeniucazmal/Library/Python/3.9/lib/python/site-packages/starlette/routing.py", line 290, in handle
    await self.app(scope, receive, send)
  File "/Users/eugeniucazmal/Library/Python/3.9/lib/python/site-packages/fastapi/routing.py", line 115, in app
    await wrap_app_handling_exceptions(app, request)(scope, receive, send)
  File "/Users/eugeniucazmal/Library/Python/3.9/lib/python/site-packages/starlette/_exception_handler.py", line 53, in wrapped_app
    raise exc
  File "/Users/eugeniucazmal/Library/Python/3.9/lib/python/site-packages/starlette/_exception_handler.py", line 42, in wrapped_app
    await app(scope, receive, sender)
  File "/Users/eugeniucazmal/Library/Python/3.9/lib/python/site-packages/fastapi/routing.py", line 101, in app
    response = await f(request)
  File "/Users/eugeniucazmal/Library/Python/3.9/lib/python/site-packages/fastapi/routing.py", line 345, in app
    solved_result = await solve_dependencies(
  File "/Users/eugeniucazmal/Library/Python/3.9/lib/python/site-packages/fastapi/dependencies/utils.py", line 643, in solve_dependencies
    solved = await call(**solved_result.values)
  File "/Users/eugeniucazmal/Downloads/dev_office/tv_screen_emer/tv_screen-main/backend/server.py", line 604, in get_current_user
    user_doc = await user_get_by_email(email)
  File "/Users/eugeniucazmal/Downloads/dev_office/tv_screen_emer/tv_screen-main/backend/db.py", line 216, in user_get_by_email
    return await _fetch_one("SELECT * FROM users WHERE email = $1", email)
  File "/Users/eugeniucazmal/Downloads/dev_office/tv_screen_emer/tv_screen-main/backend/db.py", line 189, in _fetch_one
    async with pool.acquire() as c:
  File "/Users/eugeniucazmal/Library/Python/3.9/lib/python/site-packages/asyncpg/pool.py", line 1056, in __aenter__
    self.connection = await self.pool._acquire(self.timeout)
  File "/Users/eugeniucazmal/Library/Python/3.9/lib/python/site-packages/asyncpg/pool.py", line 896, in _acquire
    return await _acquire_impl()
  File "/Users/eugeniucazmal/Library/Python/3.9/lib/python/site-packages/asyncpg/pool.py", line 881, in _acquire_impl
    proxy = await ch.acquire()  # type: PoolConnectionProxy
  File "/Users/eugeniucazmal/Library/Python/3.9/lib/python/site-packages/asyncpg/pool.py", line 161, in acquire
    await self.connect()
  File "/Users/eugeniucazmal/Library/Python/3.9/lib/python/site-packages/asyncpg/pool.py", line 153, in connect
    self._con = await self._pool._get_new_connection()
  File "/Users/eugeniucazmal/Library/Python/3.9/lib/python/site-packages/asyncpg/pool.py", line 538, in _get_new_connection
    con = await self._connect(
  File "/Users/eugeniucazmal/Library/Python/3.9/lib/python/site-packages/asyncpg/connection.py", line 2443, in connect
    return await connect_utils._connect(
  File "/Users/eugeniucazmal/Library/Python/3.9/lib/python/site-packages/asyncpg/connect_utils.py", line 1218, in _connect
    conn = await _connect_addr(
  File "/Users/eugeniucazmal/Library/Python/3.9/lib/python/site-packages/asyncpg/connect_utils.py", line 1050, in _connect_addr
    return await __connect_addr(params, False, *args)
  File "/Users/eugeniucazmal/Library/Python/3.9/lib/python/site-packages/asyncpg/connect_utils.py", line 1102, in __connect_addr
    await connected
asyncpg.exceptions.InternalServerError: MaxClientsInSessionMode: max clients reached - in Session mode max clients are limited to pool_size
INFO:     127.0.0.1:56432 - "GET /api/content/folders HTTP/1.1" 500 Internal Server Error
ERROR:    Exception in ASGI application
Traceback (most recent call last):
  File "/Users/eugeniucazmal/Library/Python/3.9/lib/python/site-packages/uvicorn/protocols/http/h11_impl.py", line 409, in run_asgi
    result = await app(  # type: ignore[func-returns-value]
  File "/Users/eugeniucazmal/Library/Python/3.9/lib/python/site-packages/uvicorn/middleware/proxy_headers.py", line 60, in __call__
    return await self.app(scope, receive, send)
  File "/Users/eugeniucazmal/Library/Python/3.9/lib/python/site-packages/fastapi/applications.py", line 1135, in __call__
    await super().__call__(scope, receive, send)
  File "/Users/eugeniucazmal/Library/Python/3.9/lib/python/site-packages/starlette/applications.py", line 113, in __call__
    await self.middleware_stack(scope, receive, send)
  File "/Users/eugeniucazmal/Library/Python/3.9/lib/python/site-packages/starlette/middleware/errors.py", line 186, in __call__
    raise exc
  File "/Users/eugeniucazmal/Library/Python/3.9/lib/python/site-packages/starlette/middleware/errors.py", line 164, in __call__
    await self.app(scope, receive, _send)
  File "/Users/eugeniucazmal/Library/Python/3.9/lib/python/site-packages/starlette/middleware/base.py", line 196, in __call__
    recv_stream.close()
  File "/Library/Developer/CommandLineTools/Library/Frameworks/Python3.framework/Versions/3.9/lib/python3.9/contextlib.py", line 135, in __exit__
    self.gen.throw(type, value, traceback)
  File "/Users/eugeniucazmal/Library/Python/3.9/lib/python/site-packages/starlette/_utils.py", line 85, in collapse_excgroups
    raise exc
  File "/Users/eugeniucazmal/Library/Python/3.9/lib/python/site-packages/starlette/middleware/base.py", line 193, in __call__
    response = await self.dispatch_func(request, call_next)
  File "/Users/eugeniucazmal/Downloads/dev_office/tv_screen_emer/tv_screen-main/backend/server.py", line 235, in log_origin_middleware
    return await call_next(request)
  File "/Users/eugeniucazmal/Library/Python/3.9/lib/python/site-packages/starlette/middleware/base.py", line 168, in call_next
    raise app_exc from app_exc.__cause__ or app_exc.__context__
  File "/Users/eugeniucazmal/Library/Python/3.9/lib/python/site-packages/starlette/middleware/base.py", line 144, in coro
    await self.app(scope, receive_or_disconnect, send_no_error)
  File "/Users/eugeniucazmal/Library/Python/3.9/lib/python/site-packages/starlette/middleware/cors.py", line 93, in __call__
    await self.simple_response(scope, receive, send, request_headers=headers)
  File "/Users/eugeniucazmal/Library/Python/3.9/lib/python/site-packages/starlette/middleware/cors.py", line 144, in simple_response
    await self.app(scope, receive, send)
  File "/Users/eugeniucazmal/Library/Python/3.9/lib/python/site-packages/starlette/middleware/exceptions.py", line 63, in __call__
    await wrap_app_handling_exceptions(self.app, conn)(scope, receive, send)
  File "/Users/eugeniucazmal/Library/Python/3.9/lib/python/site-packages/starlette/_exception_handler.py", line 53, in wrapped_app
    raise exc
  File "/Users/eugeniucazmal/Library/Python/3.9/lib/python/site-packages/starlette/_exception_handler.py", line 42, in wrapped_app
    await app(scope, receive, sender)
  File "/Users/eugeniucazmal/Library/Python/3.9/lib/python/site-packages/fastapi/middleware/asyncexitstack.py", line 18, in __call__
    await self.app(scope, receive, send)
  File "/Users/eugeniucazmal/Library/Python/3.9/lib/python/site-packages/starlette/routing.py", line 716, in __call__
    await self.middleware_stack(scope, receive, send)
  File "/Users/eugeniucazmal/Library/Python/3.9/lib/python/site-packages/starlette/routing.py", line 736, in app
    await route.handle(scope, receive, send)
  File "/Users/eugeniucazmal/Library/Python/3.9/lib/python/site-packages/starlette/routing.py", line 290, in handle
    await self.app(scope, receive, send)
  File "/Users/eugeniucazmal/Library/Python/3.9/lib/python/site-packages/fastapi/routing.py", line 115, in app
    await wrap_app_handling_exceptions(app, request)(scope, receive, send)
  File "/Users/eugeniucazmal/Library/Python/3.9/lib/python/site-packages/starlette/_exception_handler.py", line 53, in wrapped_app
    raise exc
  File "/Users/eugeniucazmal/Library/Python/3.9/lib/python/site-packages/starlette/_exception_handler.py", line 42, in wrapped_app
    await app(scope, receive, sender)
  File "/Users/eugeniucazmal/Library/Python/3.9/lib/python/site-packages/fastapi/routing.py", line 101, in app
    response = await f(request)
  File "/Users/eugeniucazmal/Library/Python/3.9/lib/python/site-packages/fastapi/routing.py", line 345, in app
    solved_result = await solve_dependencies(
  File "/Users/eugeniucazmal/Library/Python/3.9/lib/python/site-packages/fastapi/dependencies/utils.py", line 643, in solve_dependencies
    solved = await call(**solved_result.values)
  File "/Users/eugeniucazmal/Downloads/dev_office/tv_screen_emer/tv_screen-main/backend/server.py", line 604, in get_current_user
    user_doc = await user_get_by_email(email)
  File "/Users/eugeniucazmal/Downloads/dev_office/tv_screen_emer/tv_screen-main/backend/db.py", line 216, in user_get_by_email
    return await _fetch_one("SELECT * FROM users WHERE email = $1", email)
  File "/Users/eugeniucazmal/Downloads/dev_office/tv_screen_emer/tv_screen-main/backend/db.py", line 189, in _fetch_one
    async with pool.acquire() as c:
  File "/Users/eugeniucazmal/Library/Python/3.9/lib/python/site-packages/asyncpg/pool.py", line 1056, in __aenter__
    self.connection = await self.pool._acquire(self.timeout)
  File "/Users/eugeniucazmal/Library/Python/3.9/lib/python/site-packages/asyncpg/pool.py", line 896, in _acquire
    return await _acquire_impl()
  File "/Users/eugeniucazmal/Library/Python/3.9/lib/python/site-packages/asyncpg/pool.py", line 881, in _acquire_impl
    proxy = await ch.acquire()  # type: PoolConnectionProxy
  File "/Users/eugeniucazmal/Library/Python/3.9/lib/python/site-packages/asyncpg/pool.py", line 161, in acquire
    await self.connect()
  File "/Users/eugeniucazmal/Library/Python/3.9/lib/python/site-packages/asyncpg/pool.py", line 153, in connect
    self._con = await self._pool._get_new_connection()
  File "/Users/eugeniucazmal/Library/Python/3.9/lib/python/site-packages/asyncpg/pool.py", line 538, in _get_new_connection
    con = await self._connect(
  File "/Users/eugeniucazmal/Library/Python/3.9/lib/python/site-packages/asyncpg/connection.py", line 2443, in connect
    return await connect_utils._connect(
  File "/Users/eugeniucazmal/Library/Python/3.9/lib/python/site-packages/asyncpg/connect_utils.py", line 1218, in _connect
    conn = await _connect_addr(
  File "/Users/eugeniucazmal/Library/Python/3.9/lib/python/site-packages/asyncpg/connect_utils.py", line 1050, in _connect_addr
    return await __connect_addr(params, False, *args)
  File "/Users/eugeniucazmal/Library/Python/3.9/lib/python/site-packages/asyncpg/connect_utils.py", line 1102, in __connect_addr
    await connected
asyncpg.exceptions.InternalServerError: MaxClientsInSessionMode: max clients reached - in Session mode max clients are limited to pool_size
INFO:     DEBUG: Incoming request from Origin: http://localhost:3000
INFO:     DEBUG: Incoming request from Origin: http://localhost:3000
INFO:     127.0.0.1:56618 - "GET /api/locations HTTP/1.1" 500 Internal Server Error
ERROR:    Exception in ASGI application
Traceback (most recent call last):
  File "/Users/eugeniucazmal/Library/Python/3.9/lib/python/site-packages/uvicorn/protocols/http/h11_impl.py", line 409, in run_asgi
    result = await app(  # type: ignore[func-returns-value]
  File "/Users/eugeniucazmal/Library/Python/3.9/lib/python/site-packages/uvicorn/middleware/proxy_headers.py", line 60, in __call__
    return await self.app(scope, receive, send)
  File "/Users/eugeniucazmal/Library/Python/3.9/lib/python/site-packages/fastapi/applications.py", line 1135, in __call__
    await super().__call__(scope, receive, send)
  File "/Users/eugeniucazmal/Library/Python/3.9/lib/python/site-packages/starlette/applications.py", line 113, in __call__
    await self.middleware_stack(scope, receive, send)
  File "/Users/eugeniucazmal/Library/Python/3.9/lib/python/site-packages/starlette/middleware/errors.py", line 186, in __call__
    raise exc
  File "/Users/eugeniucazmal/Library/Python/3.9/lib/python/site-packages/starlette/middleware/errors.py", line 164, in __call__
    await self.app(scope, receive, _send)
  File "/Users/eugeniucazmal/Library/Python/3.9/lib/python/site-packages/starlette/middleware/base.py", line 196, in __call__
    recv_stream.close()
  File "/Library/Developer/CommandLineTools/Library/Frameworks/Python3.framework/Versions/3.9/lib/python3.9/contextlib.py", line 135, in __exit__
    self.gen.throw(type, value, traceback)
  File "/Users/eugeniucazmal/Library/Python/3.9/lib/python/site-packages/starlette/_utils.py", line 85, in collapse_excgroups
    raise exc
  File "/Users/eugeniucazmal/Library/Python/3.9/lib/python/site-packages/starlette/middleware/base.py", line 193, in __call__
    response = await self.dispatch_func(request, call_next)
  File "/Users/eugeniucazmal/Downloads/dev_office/tv_screen_emer/tv_screen-main/backend/server.py", line 235, in log_origin_middleware
    return await call_next(request)
  File "/Users/eugeniucazmal/Library/Python/3.9/lib/python/site-packages/starlette/middleware/base.py", line 168, in call_next
    raise app_exc from app_exc.__cause__ or app_exc.__context__
  File "/Users/eugeniucazmal/Library/Python/3.9/lib/python/site-packages/starlette/middleware/base.py", line 144, in coro
    await self.app(scope, receive_or_disconnect, send_no_error)
  File "/Users/eugeniucazmal/Library/Python/3.9/lib/python/site-packages/starlette/middleware/cors.py", line 93, in __call__
    await self.simple_response(scope, receive, send, request_headers=headers)
  File "/Users/eugeniucazmal/Library/Python/3.9/lib/python/site-packages/starlette/middleware/cors.py", line 144, in simple_response
    await self.app(scope, receive, send)
  File "/Users/eugeniucazmal/Library/Python/3.9/lib/python/site-packages/starlette/middleware/exceptions.py", line 63, in __call__
    await wrap_app_handling_exceptions(self.app, conn)(scope, receive, send)
  File "/Users/eugeniucazmal/Library/Python/3.9/lib/python/site-packages/starlette/_exception_handler.py", line 53, in wrapped_app
    raise exc
  File "/Users/eugeniucazmal/Library/Python/3.9/lib/python/site-packages/starlette/_exception_handler.py", line 42, in wrapped_app
    await app(scope, receive, sender)
  File "/Users/eugeniucazmal/Library/Python/3.9/lib/python/site-packages/fastapi/middleware/asyncexitstack.py", line 18, in __call__
    await self.app(scope, receive, send)
  File "/Users/eugeniucazmal/Library/Python/3.9/lib/python/site-packages/starlette/routing.py", line 716, in __call__
    await self.middleware_stack(scope, receive, send)
  File "/Users/eugeniucazmal/Library/Python/3.9/lib/python/site-packages/starlette/routing.py", line 736, in app
    await route.handle(scope, receive, send)
  File "/Users/eugeniucazmal/Library/Python/3.9/lib/python/site-packages/starlette/routing.py", line 290, in handle
    await self.app(scope, receive, send)
  File "/Users/eugeniucazmal/Library/Python/3.9/lib/python/site-packages/fastapi/routing.py", line 115, in app
    await wrap_app_handling_exceptions(app, request)(scope, receive, send)
  File "/Users/eugeniucazmal/Library/Python/3.9/lib/python/site-packages/starlette/_exception_handler.py", line 53, in wrapped_app
    raise exc
  File "/Users/eugeniucazmal/Library/Python/3.9/lib/python/site-packages/starlette/_exception_handler.py", line 42, in wrapped_app
    await app(scope, receive, sender)
  File "/Users/eugeniucazmal/Library/Python/3.9/lib/python/site-packages/fastapi/routing.py", line 101, in app
    response = await f(request)
  File "/Users/eugeniucazmal/Library/Python/3.9/lib/python/site-packages/fastapi/routing.py", line 345, in app
    solved_result = await solve_dependencies(
  File "/Users/eugeniucazmal/Library/Python/3.9/lib/python/site-packages/fastapi/dependencies/utils.py", line 643, in solve_dependencies
    solved = await call(**solved_result.values)
  File "/Users/eugeniucazmal/Downloads/dev_office/tv_screen_emer/tv_screen-main/backend/server.py", line 604, in get_current_user
    user_doc = await user_get_by_email(email)
  File "/Users/eugeniucazmal/Downloads/dev_office/tv_screen_emer/tv_screen-main/backend/db.py", line 216, in user_get_by_email
    return await _fetch_one("SELECT * FROM users WHERE email = $1", email)
  File "/Users/eugeniucazmal/Downloads/dev_office/tv_screen_emer/tv_screen-main/backend/db.py", line 189, in _fetch_one
    async with pool.acquire() as c:
  File "/Users/eugeniucazmal/Library/Python/3.9/lib/python/site-packages/asyncpg/pool.py", line 1056, in __aenter__
    self.connection = await self.pool._acquire(self.timeout)
  File "/Users/eugeniucazmal/Library/Python/3.9/lib/python/site-packages/asyncpg/pool.py", line 896, in _acquire
    return await _acquire_impl()
  File "/Users/eugeniucazmal/Library/Python/3.9/lib/python/site-packages/asyncpg/pool.py", line 881, in _acquire_impl
    proxy = await ch.acquire()  # type: PoolConnectionProxy
  File "/Users/eugeniucazmal/Library/Python/3.9/lib/python/site-packages/asyncpg/pool.py", line 161, in acquire
    await self.connect()
  File "/Users/eugeniucazmal/Library/Python/3.9/lib/python/site-packages/asyncpg/pool.py", line 153, in connect
    self._con = await self._pool._get_new_connection()
  File "/Users/eugeniucazmal/Library/Python/3.9/lib/python/site-packages/asyncpg/pool.py", line 538, in _get_new_connection
    con = await self._connect(
  File "/Users/eugeniucazmal/Library/Python/3.9/lib/python/site-packages/asyncpg/connection.py", line 2443, in connect
    return await connect_utils._connect(
  File "/Users/eugeniucazmal/Library/Python/3.9/lib/python/site-packages/asyncpg/connect_utils.py", line 1218, in _connect
    conn = await _connect_addr(
  File "/Users/eugeniucazmal/Library/Python/3.9/lib/python/site-packages/asyncpg/connect_utils.py", line 1050, in _connect_addr
    return await __connect_addr(params, False, *args)
  File "/Users/eugeniucazmal/Library/Python/3.9/lib/python/site-packages/asyncpg/connect_utils.py", line 1102, in __connect_addr
    await connected
asyncpg.exceptions.InternalServerError: MaxClientsInSessionMode: max clients reached - in Session mode max clients are limited to pool_size
INFO:     DEBUG: Incoming request from Origin: http://localhost:3000
INFO:     127.0.0.1:56617 - "GET /api/screens HTTP/1.1" 200 OK
INFO:     DEBUG: Incoming request from Origin: http://localhost:3000
INFO:     127.0.0.1:56621 - "GET /api/locations HTTP/1.1" 500 Internal Server Error
ERROR:    Exception in ASGI application
Traceback (most recent call last):
  File "/Users/eugeniucazmal/Library/Python/3.9/lib/python/site-packages/uvicorn/protocols/http/h11_impl.py", line 409, in run_asgi
    result = await app(  # type: ignore[func-returns-value]
  File "/Users/eugeniucazmal/Library/Python/3.9/lib/python/site-packages/uvicorn/middleware/proxy_headers.py", line 60, in __call__
    return await self.app(scope, receive, send)
  File "/Users/eugeniucazmal/Library/Python/3.9/lib/python/site-packages/fastapi/applications.py", line 1135, in __call__
    await super().__call__(scope, receive, send)
  File "/Users/eugeniucazmal/Library/Python/3.9/lib/python/site-packages/starlette/applications.py", line 113, in __call__
    await self.middleware_stack(scope, receive, send)
  File "/Users/eugeniucazmal/Library/Python/3.9/lib/python/site-packages/starlette/middleware/errors.py", line 186, in __call__
    raise exc
  File "/Users/eugeniucazmal/Library/Python/3.9/lib/python/site-packages/starlette/middleware/errors.py", line 164, in __call__
    await self.app(scope, receive, _send)
  File "/Users/eugeniucazmal/Library/Python/3.9/lib/python/site-packages/starlette/middleware/base.py", line 196, in __call__
    recv_stream.close()
  File "/Library/Developer/CommandLineTools/Library/Frameworks/Python3.framework/Versions/3.9/lib/python3.9/contextlib.py", line 135, in __exit__
    self.gen.throw(type, value, traceback)
  File "/Users/eugeniucazmal/Library/Python/3.9/lib/python/site-packages/starlette/_utils.py", line 85, in collapse_excgroups
    raise exc
  File "/Users/eugeniucazmal/Library/Python/3.9/lib/python/site-packages/starlette/middleware/base.py", line 193, in __call__
    response = await self.dispatch_func(request, call_next)
  File "/Users/eugeniucazmal/Downloads/dev_office/tv_screen_emer/tv_screen-main/backend/server.py", line 235, in log_origin_middleware
    return await call_next(request)
  File "/Users/eugeniucazmal/Library/Python/3.9/lib/python/site-packages/starlette/middleware/base.py", line 168, in call_next
    raise app_exc from app_exc.__cause__ or app_exc.__context__
  File "/Users/eugeniucazmal/Library/Python/3.9/lib/python/site-packages/starlette/middleware/base.py", line 144, in coro
    await self.app(scope, receive_or_disconnect, send_no_error)
  File "/Users/eugeniucazmal/Library/Python/3.9/lib/python/site-packages/starlette/middleware/cors.py", line 93, in __call__
    await self.simple_response(scope, receive, send, request_headers=headers)
  File "/Users/eugeniucazmal/Library/Python/3.9/lib/python/site-packages/starlette/middleware/cors.py", line 144, in simple_response
    await self.app(scope, receive, send)
  File "/Users/eugeniucazmal/Library/Python/3.9/lib/python/site-packages/starlette/middleware/exceptions.py", line 63, in __call__
    await wrap_app_handling_exceptions(self.app, conn)(scope, receive, send)
  File "/Users/eugeniucazmal/Library/Python/3.9/lib/python/site-packages/starlette/_exception_handler.py", line 53, in wrapped_app
    raise exc
  File "/Users/eugeniucazmal/Library/Python/3.9/lib/python/site-packages/starlette/_exception_handler.py", line 42, in wrapped_app
    await app(scope, receive, sender)
  File "/Users/eugeniucazmal/Library/Python/3.9/lib/python/site-packages/fastapi/middleware/asyncexitstack.py", line 18, in __call__
    await self.app(scope, receive, send)
  File "/Users/eugeniucazmal/Library/Python/3.9/lib/python/site-packages/starlette/routing.py", line 716, in __call__
    await self.middleware_stack(scope, receive, send)
  File "/Users/eugeniucazmal/Library/Python/3.9/lib/python/site-packages/starlette/routing.py", line 736, in app
    await route.handle(scope, receive, send)
  File "/Users/eugeniucazmal/Library/Python/3.9/lib/python/site-packages/starlette/routing.py", line 290, in handle
    await self.app(scope, receive, send)
  File "/Users/eugeniucazmal/Library/Python/3.9/lib/python/site-packages/fastapi/routing.py", line 115, in app
    await wrap_app_handling_exceptions(app, request)(scope, receive, send)
  File "/Users/eugeniucazmal/Library/Python/3.9/lib/python/site-packages/starlette/_exception_handler.py", line 53, in wrapped_app
    raise exc
  File "/Users/eugeniucazmal/Library/Python/3.9/lib/python/site-packages/starlette/_exception_handler.py", line 42, in wrapped_app
    await app(scope, receive, sender)
  File "/Users/eugeniucazmal/Library/Python/3.9/lib/python/site-packages/fastapi/routing.py", line 101, in app
    response = await f(request)
  File "/Users/eugeniucazmal/Library/Python/3.9/lib/python/site-packages/fastapi/routing.py", line 345, in app
    solved_result = await solve_dependencies(
  File "/Users/eugeniucazmal/Library/Python/3.9/lib/python/site-packages/fastapi/dependencies/utils.py", line 643, in solve_dependencies
    solved = await call(**solved_result.values)
  File "/Users/eugeniucazmal/Downloads/dev_office/tv_screen_emer/tv_screen-main/backend/server.py", line 604, in get_current_user
    user_doc = await user_get_by_email(email)
  File "/Users/eugeniucazmal/Downloads/dev_office/tv_screen_emer/tv_screen-main/backend/db.py", line 216, in user_get_by_email
    return await _fetch_one("SELECT * FROM users WHERE email = $1", email)
  File "/Users/eugeniucazmal/Downloads/dev_office/tv_screen_emer/tv_screen-main/backend/db.py", line 189, in _fetch_one
    async with pool.acquire() as c:
  File "/Users/eugeniucazmal/Library/Python/3.9/lib/python/site-packages/asyncpg/pool.py", line 1056, in __aenter__
    self.connection = await self.pool._acquire(self.timeout)
  File "/Users/eugeniucazmal/Library/Python/3.9/lib/python/site-packages/asyncpg/pool.py", line 896, in _acquire
    return await _acquire_impl()
  File "/Users/eugeniucazmal/Library/Python/3.9/lib/python/site-packages/asyncpg/pool.py", line 881, in _acquire_impl
    proxy = await ch.acquire()  # type: PoolConnectionProxy
  File "/Users/eugeniucazmal/Library/Python/3.9/lib/python/site-packages/asyncpg/pool.py", line 161, in acquire
    await self.connect()
  File "/Users/eugeniucazmal/Library/Python/3.9/lib/python/site-packages/asyncpg/pool.py", line 153, in connect
    self._con = await self._pool._get_new_connection()
  File "/Users/eugeniucazmal/Library/Python/3.9/lib/python/site-packages/asyncpg/pool.py", line 538, in _get_new_connection
    con = await self._connect(
  File "/Users/eugeniucazmal/Library/Python/3.9/lib/python/site-packages/asyncpg/connection.py", line 2443, in connect
    return await connect_utils._connect(
  File "/Users/eugeniucazmal/Library/Python/3.9/lib/python/site-packages/asyncpg/connect_utils.py", line 1218, in _connect
    conn = await _connect_addr(
  File "/Users/eugeniucazmal/Library/Python/3.9/lib/python/site-packages/asyncpg/connect_utils.py", line 1050, in _connect_addr
    return await __connect_addr(params, False, *args)
  File "/Users/eugeniucazmal/Library/Python/3.9/lib/python/site-packages/asyncpg/connect_utils.py", line 1102, in __connect_addr
    await connected
asyncpg.exceptions.InternalServerError: MaxClientsInSessionMode: max clients reached - in Session mode max clients are limited to pool_size
INFO:     127.0.0.1:56617 - "GET /api/screens HTTP/1.1" 200 OK
INFO:     DEBUG: Incoming request from Origin: http://localhost:3000
INFO:     127.0.0.1:56617 - "OPTIONS /api/auth/me HTTP/1.1" 200 OK
INFO:     DEBUG: Incoming request from Origin: http://localhost:3000
INFO:     DEBUG: Incoming request from Origin: http://localhost:3000
INFO:     127.0.0.1:56617 - "OPTIONS /api/auth/me HTTP/1.1" 200 OK
INFO:     DEBUG: Incoming request from Origin: http://localhost:3000
INFO:     127.0.0.1:56648 - "GET /api/auth/me HTTP/1.1" 200 OK
INFO:     DEBUG: Incoming request from Origin: http://localhost:3000
INFO:     DEBUG: Incoming request from Origin: http://localhost:3000
INFO:     127.0.0.1:56617 - "GET /api/auth/me HTTP/1.1" 500 Internal Server Error
ERROR:    Exception in ASGI application
Traceback (most recent call last):
  File "/Users/eugeniucazmal/Library/Python/3.9/lib/python/site-packages/uvicorn/protocols/http/h11_impl.py", line 409, in run_asgi
    result = await app(  # type: ignore[func-returns-value]
  File "/Users/eugeniucazmal/Library/Python/3.9/lib/python/site-packages/uvicorn/middleware/proxy_headers.py", line 60, in __call__
    return await self.app(scope, receive, send)
  File "/Users/eugeniucazmal/Library/Python/3.9/lib/python/site-packages/fastapi/applications.py", line 1135, in __call__
    await super().__call__(scope, receive, send)
  File "/Users/eugeniucazmal/Library/Python/3.9/lib/python/site-packages/starlette/applications.py", line 113, in __call__
    await self.middleware_stack(scope, receive, send)
  File "/Users/eugeniucazmal/Library/Python/3.9/lib/python/site-packages/starlette/middleware/errors.py", line 186, in __call__
    raise exc
  File "/Users/eugeniucazmal/Library/Python/3.9/lib/python/site-packages/starlette/middleware/errors.py", line 164, in __call__
    await self.app(scope, receive, _send)
  File "/Users/eugeniucazmal/Library/Python/3.9/lib/python/site-packages/starlette/middleware/base.py", line 196, in __call__
    recv_stream.close()
  File "/Library/Developer/CommandLineTools/Library/Frameworks/Python3.framework/Versions/3.9/lib/python3.9/contextlib.py", line 135, in __exit__
    self.gen.throw(type, value, traceback)
  File "/Users/eugeniucazmal/Library/Python/3.9/lib/python/site-packages/starlette/_utils.py", line 85, in collapse_excgroups
    raise exc
  File "/Users/eugeniucazmal/Library/Python/3.9/lib/python/site-packages/starlette/middleware/base.py", line 193, in __call__
    response = await self.dispatch_func(request, call_next)
  File "/Users/eugeniucazmal/Downloads/dev_office/tv_screen_emer/tv_screen-main/backend/server.py", line 235, in log_origin_middleware
    return await call_next(request)
  File "/Users/eugeniucazmal/Library/Python/3.9/lib/python/site-packages/starlette/middleware/base.py", line 168, in call_next
    raise app_exc from app_exc.__cause__ or app_exc.__context__
  File "/Users/eugeniucazmal/Library/Python/3.9/lib/python/site-packages/starlette/middleware/base.py", line 144, in coro
    await self.app(scope, receive_or_disconnect, send_no_error)
  File "/Users/eugeniucazmal/Library/Python/3.9/lib/python/site-packages/starlette/middleware/cors.py", line 93, in __call__
    await self.simple_response(scope, receive, send, request_headers=headers)
  File "/Users/eugeniucazmal/Library/Python/3.9/lib/python/site-packages/starlette/middleware/cors.py", line 144, in simple_response
    await self.app(scope, receive, send)
  File "/Users/eugeniucazmal/Library/Python/3.9/lib/python/site-packages/starlette/middleware/exceptions.py", line 63, in __call__
    await wrap_app_handling_exceptions(self.app, conn)(scope, receive, send)
  File "/Users/eugeniucazmal/Library/Python/3.9/lib/python/site-packages/starlette/_exception_handler.py", line 53, in wrapped_app
    raise exc
  File "/Users/eugeniucazmal/Library/Python/3.9/lib/python/site-packages/starlette/_exception_handler.py", line 42, in wrapped_app
    await app(scope, receive, sender)
  File "/Users/eugeniucazmal/Library/Python/3.9/lib/python/site-packages/fastapi/middleware/asyncexitstack.py", line 18, in __call__
    await self.app(scope, receive, send)
  File "/Users/eugeniucazmal/Library/Python/3.9/lib/python/site-packages/starlette/routing.py", line 716, in __call__
    await self.middleware_stack(scope, receive, send)
  File "/Users/eugeniucazmal/Library/Python/3.9/lib/python/site-packages/starlette/routing.py", line 736, in app
    await route.handle(scope, receive, send)
  File "/Users/eugeniucazmal/Library/Python/3.9/lib/python/site-packages/starlette/routing.py", line 290, in handle
    await self.app(scope, receive, send)
  File "/Users/eugeniucazmal/Library/Python/3.9/lib/python/site-packages/fastapi/routing.py", line 115, in app
    await wrap_app_handling_exceptions(app, request)(scope, receive, send)
  File "/Users/eugeniucazmal/Library/Python/3.9/lib/python/site-packages/starlette/_exception_handler.py", line 53, in wrapped_app
    raise exc
  File "/Users/eugeniucazmal/Library/Python/3.9/lib/python/site-packages/starlette/_exception_handler.py", line 42, in wrapped_app
    await app(scope, receive, sender)
  File "/Users/eugeniucazmal/Library/Python/3.9/lib/python/site-packages/fastapi/routing.py", line 101, in app
    response = await f(request)
  File "/Users/eugeniucazmal/Library/Python/3.9/lib/python/site-packages/fastapi/routing.py", line 345, in app
    solved_result = await solve_dependencies(
  File "/Users/eugeniucazmal/Library/Python/3.9/lib/python/site-packages/fastapi/dependencies/utils.py", line 643, in solve_dependencies
    solved = await call(**solved_result.values)
  File "/Users/eugeniucazmal/Downloads/dev_office/tv_screen_emer/tv_screen-main/backend/server.py", line 604, in get_current_user
    user_doc = await user_get_by_email(email)
  File "/Users/eugeniucazmal/Downloads/dev_office/tv_screen_emer/tv_screen-main/backend/db.py", line 216, in user_get_by_email
    return await _fetch_one("SELECT * FROM users WHERE email = $1", email)
  File "/Users/eugeniucazmal/Downloads/dev_office/tv_screen_emer/tv_screen-main/backend/db.py", line 189, in _fetch_one
    async with pool.acquire() as c:
  File "/Users/eugeniucazmal/Library/Python/3.9/lib/python/site-packages/asyncpg/pool.py", line 1056, in __aenter__
    self.connection = await self.pool._acquire(self.timeout)
  File "/Users/eugeniucazmal/Library/Python/3.9/lib/python/site-packages/asyncpg/pool.py", line 896, in _acquire
    return await _acquire_impl()
  File "/Users/eugeniucazmal/Library/Python/3.9/lib/python/site-packages/asyncpg/pool.py", line 881, in _acquire_impl
    proxy = await ch.acquire()  # type: PoolConnectionProxy
  File "/Users/eugeniucazmal/Library/Python/3.9/lib/python/site-packages/asyncpg/pool.py", line 161, in acquire
    await self.connect()
  File "/Users/eugeniucazmal/Library/Python/3.9/lib/python/site-packages/asyncpg/pool.py", line 153, in connect
    self._con = await self._pool._get_new_connection()
  File "/Users/eugeniucazmal/Library/Python/3.9/lib/python/site-packages/asyncpg/pool.py", line 538, in _get_new_connection
    con = await self._connect(
  File "/Users/eugeniucazmal/Library/Python/3.9/lib/python/site-packages/asyncpg/connection.py", line 2443, in connect
    return await connect_utils._connect(
  File "/Users/eugeniucazmal/Library/Python/3.9/lib/python/site-packages/asyncpg/connect_utils.py", line 1218, in _connect
    conn = await _connect_addr(
  File "/Users/eugeniucazmal/Library/Python/3.9/lib/python/site-packages/asyncpg/connect_utils.py", line 1050, in _connect_addr
    return await __connect_addr(params, False, *args)
  File "/Users/eugeniucazmal/Library/Python/3.9/lib/python/site-packages/asyncpg/connect_utils.py", line 1102, in __connect_addr
    await connected
asyncpg.exceptions.InternalServerError: MaxClientsInSessionMode: max clients reached - in Session mode max clients are limited to pool_size
INFO:     DEBUG: Incoming request from Origin: http://localhost:3000
INFO:     127.0.0.1:56648 - "GET /api/screens HTTP/1.1" 200 OK
INFO:     DEBUG: Incoming request from Origin: http://localhost:3000
INFO:     127.0.0.1:56650 - "GET /api/locations HTTP/1.1" 500 Internal Server Error
ERROR:    Exception in ASGI application
Traceback (most recent call last):
  File "/Users/eugeniucazmal/Library/Python/3.9/lib/python/site-packages/uvicorn/protocols/http/h11_impl.py", line 409, in run_asgi
    result = await app(  # type: ignore[func-returns-value]
  File "/Users/eugeniucazmal/Library/Python/3.9/lib/python/site-packages/uvicorn/middleware/proxy_headers.py", line 60, in __call__
    return await self.app(scope, receive, send)
  File "/Users/eugeniucazmal/Library/Python/3.9/lib/python/site-packages/fastapi/applications.py", line 1135, in __call__
    await super().__call__(scope, receive, send)
  File "/Users/eugeniucazmal/Library/Python/3.9/lib/python/site-packages/starlette/applications.py", line 113, in __call__
    await self.middleware_stack(scope, receive, send)
  File "/Users/eugeniucazmal/Library/Python/3.9/lib/python/site-packages/starlette/middleware/errors.py", line 186, in __call__
    raise exc
  File "/Users/eugeniucazmal/Library/Python/3.9/lib/python/site-packages/starlette/middleware/errors.py", line 164, in __call__
    await self.app(scope, receive, _send)
  File "/Users/eugeniucazmal/Library/Python/3.9/lib/python/site-packages/starlette/middleware/base.py", line 196, in __call__
    recv_stream.close()
  File "/Library/Developer/CommandLineTools/Library/Frameworks/Python3.framework/Versions/3.9/lib/python3.9/contextlib.py", line 135, in __exit__
    self.gen.throw(type, value, traceback)
  File "/Users/eugeniucazmal/Library/Python/3.9/lib/python/site-packages/starlette/_utils.py", line 85, in collapse_excgroups
    raise exc
  File "/Users/eugeniucazmal/Library/Python/3.9/lib/python/site-packages/starlette/middleware/base.py", line 193, in __call__
    response = await self.dispatch_func(request, call_next)
  File "/Users/eugeniucazmal/Downloads/dev_office/tv_screen_emer/tv_screen-main/backend/server.py", line 235, in log_origin_middleware
    return await call_next(request)
  File "/Users/eugeniucazmal/Library/Python/3.9/lib/python/site-packages/starlette/middleware/base.py", line 168, in call_next
    raise app_exc from app_exc.__cause__ or app_exc.__context__
  File "/Users/eugeniucazmal/Library/Python/3.9/lib/python/site-packages/starlette/middleware/base.py", line 144, in coro
    await self.app(scope, receive_or_disconnect, send_no_error)
  File "/Users/eugeniucazmal/Library/Python/3.9/lib/python/site-packages/starlette/middleware/cors.py", line 93, in __call__
    await self.simple_response(scope, receive, send, request_headers=headers)
  File "/Users/eugeniucazmal/Library/Python/3.9/lib/python/site-packages/starlette/middleware/cors.py", line 144, in simple_response
    await self.app(scope, receive, send)
  File "/Users/eugeniucazmal/Library/Python/3.9/lib/python/site-packages/starlette/middleware/exceptions.py", line 63, in __call__
    await wrap_app_handling_exceptions(self.app, conn)(scope, receive, send)
  File "/Users/eugeniucazmal/Library/Python/3.9/lib/python/site-packages/starlette/_exception_handler.py", line 53, in wrapped_app
    raise exc
  File "/Users/eugeniucazmal/Library/Python/3.9/lib/python/site-packages/starlette/_exception_handler.py", line 42, in wrapped_app
    await app(scope, receive, sender)
  File "/Users/eugeniucazmal/Library/Python/3.9/lib/python/site-packages/fastapi/middleware/asyncexitstack.py", line 18, in __call__
    await self.app(scope, receive, send)
  File "/Users/eugeniucazmal/Library/Python/3.9/lib/python/site-packages/starlette/routing.py", line 716, in __call__
    await self.middleware_stack(scope, receive, send)
  File "/Users/eugeniucazmal/Library/Python/3.9/lib/python/site-packages/starlette/routing.py", line 736, in app
    await route.handle(scope, receive, send)
  File "/Users/eugeniucazmal/Library/Python/3.9/lib/python/site-packages/starlette/routing.py", line 290, in handle
    await self.app(scope, receive, send)
  File "/Users/eugeniucazmal/Library/Python/3.9/lib/python/site-packages/fastapi/routing.py", line 115, in app
    await wrap_app_handling_exceptions(app, request)(scope, receive, send)
  File "/Users/eugeniucazmal/Library/Python/3.9/lib/python/site-packages/starlette/_exception_handler.py", line 53, in wrapped_app
    raise exc
  File "/Users/eugeniucazmal/Library/Python/3.9/lib/python/site-packages/starlette/_exception_handler.py", line 42, in wrapped_app
    await app(scope, receive, sender)
  File "/Users/eugeniucazmal/Library/Python/3.9/lib/python/site-packages/fastapi/routing.py", line 101, in app
    response = await f(request)
  File "/Users/eugeniucazmal/Library/Python/3.9/lib/python/site-packages/fastapi/routing.py", line 345, in app
    solved_result = await solve_dependencies(
  File "/Users/eugeniucazmal/Library/Python/3.9/lib/python/site-packages/fastapi/dependencies/utils.py", line 643, in solve_dependencies
    solved = await call(**solved_result.values)
  File "/Users/eugeniucazmal/Downloads/dev_office/tv_screen_emer/tv_screen-main/backend/server.py", line 604, in get_current_user
    user_doc = await user_get_by_email(email)
  File "/Users/eugeniucazmal/Downloads/dev_office/tv_screen_emer/tv_screen-main/backend/db.py", line 216, in user_get_by_email
    return await _fetch_one("SELECT * FROM users WHERE email = $1", email)
  File "/Users/eugeniucazmal/Downloads/dev_office/tv_screen_emer/tv_screen-main/backend/db.py", line 189, in _fetch_one
    async with pool.acquire() as c:
  File "/Users/eugeniucazmal/Library/Python/3.9/lib/python/site-packages/asyncpg/pool.py", line 1056, in __aenter__
    self.connection = await self.pool._acquire(self.timeout)
  File "/Users/eugeniucazmal/Library/Python/3.9/lib/python/site-packages/asyncpg/pool.py", line 896, in _acquire
    return await _acquire_impl()
  File "/Users/eugeniucazmal/Library/Python/3.9/lib/python/site-packages/asyncpg/pool.py", line 881, in _acquire_impl
    proxy = await ch.acquire()  # type: PoolConnectionProxy
  File "/Users/eugeniucazmal/Library/Python/3.9/lib/python/site-packages/asyncpg/pool.py", line 161, in acquire
    await self.connect()
  File "/Users/eugeniucazmal/Library/Python/3.9/lib/python/site-packages/asyncpg/pool.py", line 153, in connect
    self._con = await self._pool._get_new_connection()
  File "/Users/eugeniucazmal/Library/Python/3.9/lib/python/site-packages/asyncpg/pool.py", line 538, in _get_new_connection
    con = await self._connect(
  File "/Users/eugeniucazmal/Library/Python/3.9/lib/python/site-packages/asyncpg/connection.py", line 2443, in connect
    return await connect_utils._connect(
  File "/Users/eugeniucazmal/Library/Python/3.9/lib/python/site-packages/asyncpg/connect_utils.py", line 1218, in _connect
    conn = await _connect_addr(
  File "/Users/eugeniucazmal/Library/Python/3.9/lib/python/site-packages/asyncpg/connect_utils.py", line 1050, in _connect_addr
    return await __connect_addr(params, False, *args)
  File "/Users/eugeniucazmal/Library/Python/3.9/lib/python/site-packages/asyncpg/connect_utils.py", line 1102, in __connect_addr
    await connected
asyncpg.exceptions.InternalServerError: MaxClientsInSessionMode: max clients reached - in Session mode max clients are limited to pool_size
INFO:     DEBUG: Incoming request from Origin: http://localhost:3000
INFO:     127.0.0.1:56659 - "GET /api/auth/check-registration-open HTTP/1.1" 500 Internal Server Error
ERROR:    Exception in ASGI application
Traceback (most recent call last):
  File "/Users/eugeniucazmal/Library/Python/3.9/lib/python/site-packages/uvicorn/protocols/http/h11_impl.py", line 409, in run_asgi
    result = await app(  # type: ignore[func-returns-value]
  File "/Users/eugeniucazmal/Library/Python/3.9/lib/python/site-packages/uvicorn/middleware/proxy_headers.py", line 60, in __call__
    return await self.app(scope, receive, send)
  File "/Users/eugeniucazmal/Library/Python/3.9/lib/python/site-packages/fastapi/applications.py", line 1135, in __call__
    await super().__call__(scope, receive, send)
  File "/Users/eugeniucazmal/Library/Python/3.9/lib/python/site-packages/starlette/applications.py", line 113, in __call__
    await self.middleware_stack(scope, receive, send)
  File "/Users/eugeniucazmal/Library/Python/3.9/lib/python/site-packages/starlette/middleware/errors.py", line 186, in __call__
    raise exc
  File "/Users/eugeniucazmal/Library/Python/3.9/lib/python/site-packages/starlette/middleware/errors.py", line 164, in __call__
    await self.app(scope, receive, _send)
  File "/Users/eugeniucazmal/Library/Python/3.9/lib/python/site-packages/starlette/middleware/base.py", line 196, in __call__
    recv_stream.close()
  File "/Library/Developer/CommandLineTools/Library/Frameworks/Python3.framework/Versions/3.9/lib/python3.9/contextlib.py", line 135, in __exit__
    self.gen.throw(type, value, traceback)
  File "/Users/eugeniucazmal/Library/Python/3.9/lib/python/site-packages/starlette/_utils.py", line 85, in collapse_excgroups
    raise exc
  File "/Users/eugeniucazmal/Library/Python/3.9/lib/python/site-packages/starlette/middleware/base.py", line 193, in __call__
    response = await self.dispatch_func(request, call_next)
  File "/Users/eugeniucazmal/Downloads/dev_office/tv_screen_emer/tv_screen-main/backend/server.py", line 235, in log_origin_middleware
    return await call_next(request)
  File "/Users/eugeniucazmal/Library/Python/3.9/lib/python/site-packages/starlette/middleware/base.py", line 168, in call_next
    raise app_exc from app_exc.__cause__ or app_exc.__context__
  File "/Users/eugeniucazmal/Library/Python/3.9/lib/python/site-packages/starlette/middleware/base.py", line 144, in coro
    await self.app(scope, receive_or_disconnect, send_no_error)
  File "/Users/eugeniucazmal/Library/Python/3.9/lib/python/site-packages/starlette/middleware/cors.py", line 93, in __call__
    await self.simple_response(scope, receive, send, request_headers=headers)
  File "/Users/eugeniucazmal/Library/Python/3.9/lib/python/site-packages/starlette/middleware/cors.py", line 144, in simple_response
    await self.app(scope, receive, send)
  File "/Users/eugeniucazmal/Library/Python/3.9/lib/python/site-packages/starlette/middleware/exceptions.py", line 63, in __call__
    await wrap_app_handling_exceptions(self.app, conn)(scope, receive, send)
  File "/Users/eugeniucazmal/Library/Python/3.9/lib/python/site-packages/starlette/_exception_handler.py", line 53, in wrapped_app
    raise exc
  File "/Users/eugeniucazmal/Library/Python/3.9/lib/python/site-packages/starlette/_exception_handler.py", line 42, in wrapped_app
    await app(scope, receive, sender)
  File "/Users/eugeniucazmal/Library/Python/3.9/lib/python/site-packages/fastapi/middleware/asyncexitstack.py", line 18, in __call__
    await self.app(scope, receive, send)
  File "/Users/eugeniucazmal/Library/Python/3.9/lib/python/site-packages/starlette/routing.py", line 716, in __call__
    await self.middleware_stack(scope, receive, send)
  File "/Users/eugeniucazmal/Library/Python/3.9/lib/python/site-packages/starlette/routing.py", line 736, in app
    await route.handle(scope, receive, send)
  File "/Users/eugeniucazmal/Library/Python/3.9/lib/python/site-packages/starlette/routing.py", line 290, in handle
    await self.app(scope, receive, send)
  File "/Users/eugeniucazmal/Library/Python/3.9/lib/python/site-packages/fastapi/routing.py", line 115, in app
    await wrap_app_handling_exceptions(app, request)(scope, receive, send)
  File "/Users/eugeniucazmal/Library/Python/3.9/lib/python/site-packages/starlette/_exception_handler.py", line 53, in wrapped_app
    raise exc
  File "/Users/eugeniucazmal/Library/Python/3.9/lib/python/site-packages/starlette/_exception_handler.py", line 42, in wrapped_app
    await app(scope, receive, sender)
  File "/Users/eugeniucazmal/Library/Python/3.9/lib/python/site-packages/fastapi/routing.py", line 101, in app
    response = await f(request)
  File "/Users/eugeniucazmal/Library/Python/3.9/lib/python/site-packages/fastapi/routing.py", line 355, in app
    raw_response = await run_endpoint_function(
  File "/Users/eugeniucazmal/Library/Python/3.9/lib/python/site-packages/fastapi/routing.py", line 243, in run_endpoint_function
    return await dependant.call(**values)
  File "/Users/eugeniucazmal/Downloads/dev_office/tv_screen_emer/tv_screen-main/backend/server.py", line 843, in check_registration_open
    return {"open": (await users_count()) == 0}
  File "/Users/eugeniucazmal/Downloads/dev_office/tv_screen_emer/tv_screen-main/backend/db.py", line 243, in users_count
    r = await _fetch_one("SELECT count(*)::int AS c FROM users")
  File "/Users/eugeniucazmal/Downloads/dev_office/tv_screen_emer/tv_screen-main/backend/db.py", line 189, in _fetch_one
    async with pool.acquire() as c:
  File "/Users/eugeniucazmal/Library/Python/3.9/lib/python/site-packages/asyncpg/pool.py", line 1056, in __aenter__
    self.connection = await self.pool._acquire(self.timeout)
  File "/Users/eugeniucazmal/Library/Python/3.9/lib/python/site-packages/asyncpg/pool.py", line 896, in _acquire
    return await _acquire_impl()
  File "/Users/eugeniucazmal/Library/Python/3.9/lib/python/site-packages/asyncpg/pool.py", line 881, in _acquire_impl
    proxy = await ch.acquire()  # type: PoolConnectionProxy
  File "/Users/eugeniucazmal/Library/Python/3.9/lib/python/site-packages/asyncpg/pool.py", line 161, in acquire
    await self.connect()
  File "/Users/eugeniucazmal/Library/Python/3.9/lib/python/site-packages/asyncpg/pool.py", line 153, in connect
    self._con = await self._pool._get_new_connection()
  File "/Users/eugeniucazmal/Library/Python/3.9/lib/python/site-packages/asyncpg/pool.py", line 538, in _get_new_connection
    con = await self._connect(
  File "/Users/eugeniucazmal/Library/Python/3.9/lib/python/site-packages/asyncpg/connection.py", line 2443, in connect
    return await connect_utils._connect(
  File "/Users/eugeniucazmal/Library/Python/3.9/lib/python/site-packages/asyncpg/connect_utils.py", line 1218, in _connect
    conn = await _connect_addr(
  File "/Users/eugeniucazmal/Library/Python/3.9/lib/python/site-packages/asyncpg/connect_utils.py", line 1050, in _connect_addr
    return await __connect_addr(params, False, *args)
  File "/Users/eugeniucazmal/Library/Python/3.9/lib/python/site-packages/asyncpg/connect_utils.py", line 1102, in __connect_addr
    await connected
asyncpg.exceptions.InternalServerError: MaxClientsInSessionMode: max clients reached - in Session mode max clients are limited to pool_size
INFO:     DEBUG: Incoming request from Origin: http://localhost:3000
INFO:     127.0.0.1:56648 - "GET /api/screens HTTP/1.1" 200 OK
INFO:     127.0.0.1:56662 - "GET /api/locations HTTP/1.1" 500 Internal Server Error
ERROR:    Exception in ASGI application
Traceback (most recent call last):
  File "/Users/eugeniucazmal/Library/Python/3.9/lib/python/site-packages/uvicorn/protocols/http/h11_impl.py", line 409, in run_asgi
    result = await app(  # type: ignore[func-returns-value]
  File "/Users/eugeniucazmal/Library/Python/3.9/lib/python/site-packages/uvicorn/middleware/proxy_headers.py", line 60, in __call__
    return await self.app(scope, receive, send)
  File "/Users/eugeniucazmal/Library/Python/3.9/lib/python/site-packages/fastapi/applications.py", line 1135, in __call__
    await super().__call__(scope, receive, send)
  File "/Users/eugeniucazmal/Library/Python/3.9/lib/python/site-packages/starlette/applications.py", line 113, in __call__
    await self.middleware_stack(scope, receive, send)
  File "/Users/eugeniucazmal/Library/Python/3.9/lib/python/site-packages/starlette/middleware/errors.py", line 186, in __call__
    raise exc
  File "/Users/eugeniucazmal/Library/Python/3.9/lib/python/site-packages/starlette/middleware/errors.py", line 164, in __call__
    await self.app(scope, receive, _send)
  File "/Users/eugeniucazmal/Library/Python/3.9/lib/python/site-packages/starlette/middleware/base.py", line 196, in __call__
    recv_stream.close()
  File "/Library/Developer/CommandLineTools/Library/Frameworks/Python3.framework/Versions/3.9/lib/python3.9/contextlib.py", line 135, in __exit__
    self.gen.throw(type, value, traceback)
  File "/Users/eugeniucazmal/Library/Python/3.9/lib/python/site-packages/starlette/_utils.py", line 85, in collapse_excgroups
    raise exc
  File "/Users/eugeniucazmal/Library/Python/3.9/lib/python/site-packages/starlette/middleware/base.py", line 193, in __call__
    response = await self.dispatch_func(request, call_next)
  File "/Users/eugeniucazmal/Downloads/dev_office/tv_screen_emer/tv_screen-main/backend/server.py", line 235, in log_origin_middleware
    return await call_next(request)
  File "/Users/eugeniucazmal/Library/Python/3.9/lib/python/site-packages/starlette/middleware/base.py", line 168, in call_next
    raise app_exc from app_exc.__cause__ or app_exc.__context__
  File "/Users/eugeniucazmal/Library/Python/3.9/lib/python/site-packages/starlette/middleware/base.py", line 144, in coro
    await self.app(scope, receive_or_disconnect, send_no_error)
  File "/Users/eugeniucazmal/Library/Python/3.9/lib/python/site-packages/starlette/middleware/cors.py", line 93, in __call__
    await self.simple_response(scope, receive, send, request_headers=headers)
  File "/Users/eugeniucazmal/Library/Python/3.9/lib/python/site-packages/starlette/middleware/cors.py", line 144, in simple_response
    await self.app(scope, receive, send)
  File "/Users/eugeniucazmal/Library/Python/3.9/lib/python/site-packages/starlette/middleware/exceptions.py", line 63, in __call__
    await wrap_app_handling_exceptions(self.app, conn)(scope, receive, send)
  File "/Users/eugeniucazmal/Library/Python/3.9/lib/python/site-packages/starlette/_exception_handler.py", line 53, in wrapped_app
    raise exc
  File "/Users/eugeniucazmal/Library/Python/3.9/lib/python/site-packages/starlette/_exception_handler.py", line 42, in wrapped_app
    await app(scope, receive, sender)
  File "/Users/eugeniucazmal/Library/Python/3.9/lib/python/site-packages/fastapi/middleware/asyncexitstack.py", line 18, in __call__
    await self.app(scope, receive, send)
  File "/Users/eugeniucazmal/Library/Python/3.9/lib/python/site-packages/starlette/routing.py", line 716, in __call__
    await self.middleware_stack(scope, receive, send)
  File "/Users/eugeniucazmal/Library/Python/3.9/lib/python/site-packages/starlette/routing.py", line 736, in app
    await route.handle(scope, receive, send)
  File "/Users/eugeniucazmal/Library/Python/3.9/lib/python/site-packages/starlette/routing.py", line 290, in handle
    await self.app(scope, receive, send)
  File "/Users/eugeniucazmal/Library/Python/3.9/lib/python/site-packages/fastapi/routing.py", line 115, in app
    await wrap_app_handling_exceptions(app, request)(scope, receive, send)
  File "/Users/eugeniucazmal/Library/Python/3.9/lib/python/site-packages/starlette/_exception_handler.py", line 53, in wrapped_app
    raise exc
  File "/Users/eugeniucazmal/Library/Python/3.9/lib/python/site-packages/starlette/_exception_handler.py", line 42, in wrapped_app
    await app(scope, receive, sender)
  File "/Users/eugeniucazmal/Library/Python/3.9/lib/python/site-packages/fastapi/routing.py", line 101, in app
    response = await f(request)
  File "/Users/eugeniucazmal/Library/Python/3.9/lib/python/site-packages/fastapi/routing.py", line 345, in app
    solved_result = await solve_dependencies(
  File "/Users/eugeniucazmal/Library/Python/3.9/lib/python/site-packages/fastapi/dependencies/utils.py", line 643, in solve_dependencies
    solved = await call(**solved_result.values)
  File "/Users/eugeniucazmal/Downloads/dev_office/tv_screen_emer/tv_screen-main/backend/server.py", line 604, in get_current_user
    user_doc = await user_get_by_email(email)
  File "/Users/eugeniucazmal/Downloads/dev_office/tv_screen_emer/tv_screen-main/backend/db.py", line 216, in user_get_by_email
    return await _fetch_one("SELECT * FROM users WHERE email = $1", email)
  File "/Users/eugeniucazmal/Downloads/dev_office/tv_screen_emer/tv_screen-main/backend/db.py", line 189, in _fetch_one
    async with pool.acquire() as c:
  File "/Users/eugeniucazmal/Library/Python/3.9/lib/python/site-packages/asyncpg/pool.py", line 1056, in __aenter__
    self.connection = await self.pool._acquire(self.timeout)
  File "/Users/eugeniucazmal/Library/Python/3.9/lib/python/site-packages/asyncpg/pool.py", line 896, in _acquire
    return await _acquire_impl()
  File "/Users/eugeniucazmal/Library/Python/3.9/lib/python/site-packages/asyncpg/pool.py", line 881, in _acquire_impl
    proxy = await ch.acquire()  # type: PoolConnectionProxy
  File "/Users/eugeniucazmal/Library/Python/3.9/lib/python/site-packages/asyncpg/pool.py", line 161, in acquire
    await self.connect()
  File "/Users/eugeniucazmal/Library/Python/3.9/lib/python/site-packages/asyncpg/pool.py", line 153, in connect
    self._con = await self._pool._get_new_connection()
  File "/Users/eugeniucazmal/Library/Python/3.9/lib/python/site-packages/asyncpg/pool.py", line 538, in _get_new_connection
    con = await self._connect(
  File "/Users/eugeniucazmal/Library/Python/3.9/lib/python/site-packages/asyncpg/connection.py", line 2443, in connect
    return await connect_utils._connect(
  File "/Users/eugeniucazmal/Library/Python/3.9/lib/python/site-packages/asyncpg/connect_utils.py", line 1218, in _connect
    conn = await _connect_addr(
  File "/Users/eugeniucazmal/Library/Python/3.9/lib/python/site-packages/asyncpg/connect_utils.py", line 1050, in _connect_addr
    return await __connect_addr(params, False, *args)
  File "/Users/eugeniucazmal/Library/Python/3.9/lib/python/site-packages/asyncpg/connect_utils.py", line 1102, in __connect_addr
    await connected
asyncpg.exceptions.InternalServerError: MaxClientsInSessionMode: max clients reached - in Session mode max clients are limited to pool_size
INFO:     127.0.0.1:56666 - "GET /api/auth/check-registration-open HTTP/1.1" 500 Internal Server Error
ERROR:    Exception in ASGI application
Traceback (most recent call last):
  File "/Users/eugeniucazmal/Library/Python/3.9/lib/python/site-packages/uvicorn/protocols/http/h11_impl.py", line 409, in run_asgi
    result = await app(  # type: ignore[func-returns-value]
  File "/Users/eugeniucazmal/Library/Python/3.9/lib/python/site-packages/uvicorn/middleware/proxy_headers.py", line 60, in __call__
    return await self.app(scope, receive, send)
  File "/Users/eugeniucazmal/Library/Python/3.9/lib/python/site-packages/fastapi/applications.py", line 1135, in __call__
    await super().__call__(scope, receive, send)
  File "/Users/eugeniucazmal/Library/Python/3.9/lib/python/site-packages/starlette/applications.py", line 113, in __call__
    await self.middleware_stack(scope, receive, send)
  File "/Users/eugeniucazmal/Library/Python/3.9/lib/python/site-packages/starlette/middleware/errors.py", line 186, in __call__
    raise exc
  File "/Users/eugeniucazmal/Library/Python/3.9/lib/python/site-packages/starlette/middleware/errors.py", line 164, in __call__
    await self.app(scope, receive, _send)
  File "/Users/eugeniucazmal/Library/Python/3.9/lib/python/site-packages/starlette/middleware/base.py", line 196, in __call__
    recv_stream.close()
  File "/Library/Developer/CommandLineTools/Library/Frameworks/Python3.framework/Versions/3.9/lib/python3.9/contextlib.py", line 135, in __exit__
    self.gen.throw(type, value, traceback)
  File "/Users/eugeniucazmal/Library/Python/3.9/lib/python/site-packages/starlette/_utils.py", line 85, in collapse_excgroups
    raise exc
  File "/Users/eugeniucazmal/Library/Python/3.9/lib/python/site-packages/starlette/middleware/base.py", line 193, in __call__
    response = await self.dispatch_func(request, call_next)
  File "/Users/eugeniucazmal/Downloads/dev_office/tv_screen_emer/tv_screen-main/backend/server.py", line 235, in log_origin_middleware
    return await call_next(request)
  File "/Users/eugeniucazmal/Library/Python/3.9/lib/python/site-packages/starlette/middleware/base.py", line 168, in call_next
    raise app_exc from app_exc.__cause__ or app_exc.__context__
  File "/Users/eugeniucazmal/Library/Python/3.9/lib/python/site-packages/starlette/middleware/base.py", line 144, in coro
    await self.app(scope, receive_or_disconnect, send_no_error)
  File "/Users/eugeniucazmal/Library/Python/3.9/lib/python/site-packages/starlette/middleware/cors.py", line 93, in __call__
    await self.simple_response(scope, receive, send, request_headers=headers)
  File "/Users/eugeniucazmal/Library/Python/3.9/lib/python/site-packages/starlette/middleware/cors.py", line 144, in simple_response
    await self.app(scope, receive, send)
  File "/Users/eugeniucazmal/Library/Python/3.9/lib/python/site-packages/starlette/middleware/exceptions.py", line 63, in __call__
    await wrap_app_handling_exceptions(self.app, conn)(scope, receive, send)
  File "/Users/eugeniucazmal/Library/Python/3.9/lib/python/site-packages/starlette/_exception_handler.py", line 53, in wrapped_app
    raise exc
  File "/Users/eugeniucazmal/Library/Python/3.9/lib/python/site-packages/starlette/_exception_handler.py", line 42, in wrapped_app
    await app(scope, receive, sender)
  File "/Users/eugeniucazmal/Library/Python/3.9/lib/python/site-packages/fastapi/middleware/asyncexitstack.py", line 18, in __call__
    await self.app(scope, receive, send)
  File "/Users/eugeniucazmal/Library/Python/3.9/lib/python/site-packages/starlette/routing.py", line 716, in __call__
    await self.middleware_stack(scope, receive, send)
  File "/Users/eugeniucazmal/Library/Python/3.9/lib/python/site-packages/starlette/routing.py", line 736, in app
    await route.handle(scope, receive, send)
  File "/Users/eugeniucazmal/Library/Python/3.9/lib/python/site-packages/starlette/routing.py", line 290, in handle
    await self.app(scope, receive, send)
  File "/Users/eugeniucazmal/Library/Python/3.9/lib/python/site-packages/fastapi/routing.py", line 115, in app
    await wrap_app_handling_exceptions(app, request)(scope, receive, send)
  File "/Users/eugeniucazmal/Library/Python/3.9/lib/python/site-packages/starlette/_exception_handler.py", line 53, in wrapped_app
    raise exc
  File "/Users/eugeniucazmal/Library/Python/3.9/lib/python/site-packages/starlette/_exception_handler.py", line 42, in wrapped_app
    await app(scope, receive, sender)
  File "/Users/eugeniucazmal/Library/Python/3.9/lib/python/site-packages/fastapi/routing.py", line 101, in app
    response = await f(request)
  File "/Users/eugeniucazmal/Library/Python/3.9/lib/python/site-packages/fastapi/routing.py", line 355, in app
    raw_response = await run_endpoint_function(
  File "/Users/eugeniucazmal/Library/Python/3.9/lib/python/site-packages/fastapi/routing.py", line 243, in run_endpoint_function
    return await dependant.call(**values)
  File "/Users/eugeniucazmal/Downloads/dev_office/tv_screen_emer/tv_screen-main/backend/server.py", line 843, in check_registration_open
    return {"open": (await users_count()) == 0}
  File "/Users/eugeniucazmal/Downloads/dev_office/tv_screen_emer/tv_screen-main/backend/db.py", line 243, in users_count
    r = await _fetch_one("SELECT count(*)::int AS c FROM users")
  File "/Users/eugeniucazmal/Downloads/dev_office/tv_screen_emer/tv_screen-main/backend/db.py", line 189, in _fetch_one
    async with pool.acquire() as c:
  File "/Users/eugeniucazmal/Library/Python/3.9/lib/python/site-packages/asyncpg/pool.py", line 1056, in __aenter__
    self.connection = await self.pool._acquire(self.timeout)
  File "/Users/eugeniucazmal/Library/Python/3.9/lib/python/site-packages/asyncpg/pool.py", line 896, in _acquire
    return await _acquire_impl()
  File "/Users/eugeniucazmal/Library/Python/3.9/lib/python/site-packages/asyncpg/pool.py", line 881, in _acquire_impl
    proxy = await ch.acquire()  # type: PoolConnectionProxy
  File "/Users/eugeniucazmal/Library/Python/3.9/lib/python/site-packages/asyncpg/pool.py", line 161, in acquire
    await self.connect()
  File "/Users/eugeniucazmal/Library/Python/3.9/lib/python/site-packages/asyncpg/pool.py", line 153, in connect
    self._con = await self._pool._get_new_connection()
  File "/Users/eugeniucazmal/Library/Python/3.9/lib/python/site-packages/asyncpg/pool.py", line 538, in _get_new_connection
    con = await self._connect(
  File "/Users/eugeniucazmal/Library/Python/3.9/lib/python/site-packages/asyncpg/connection.py", line 2443, in connect
    return await connect_utils._connect(
  File "/Users/eugeniucazmal/Library/Python/3.9/lib/python/site-packages/asyncpg/connect_utils.py", line 1218, in _connect
    conn = await _connect_addr(
  File "/Users/eugeniucazmal/Library/Python/3.9/lib/python/site-packages/asyncpg/connect_utils.py", line 1050, in _connect_addr
    return await __connect_addr(params, False, *args)
  File "/Users/eugeniucazmal/Library/Python/3.9/lib/python/site-packages/asyncpg/connect_utils.py", line 1102, in __connect_addr
    await connected
asyncpg.exceptions.InternalServerError: MaxClientsInSessionMode: max clients reached - in Session mode max clients are limited to pool_size
INFO:     DEBUG: Incoming request from Origin: http://localhost:3000
INFO:     127.0.0.1:56959 - "OPTIONS /api/auth/login HTTP/1.1" 200 OK
INFO:     DEBUG: Incoming request from Origin: http://localhost:3000
Login timing - DB: 0.858s, Password verify: 0.182s, Total: 1.319s
INFO:     127.0.0.1:56959 - "POST /api/auth/login HTTP/1.1" 200 OK
INFO:     DEBUG: Incoming request from Origin: http://localhost:3000
INFO:     DEBUG: Incoming request from Origin: http://localhost:3000
INFO:     127.0.0.1:56959 - "OPTIONS /api/dashboard/stats HTTP/1.1" 200 OK
INFO:     127.0.0.1:56961 - "OPTIONS /api/dashboard/stats HTTP/1.1" 200 OK
INFO:     DEBUG: Incoming request from Origin: http://localhost:3000
INFO:     127.0.0.1:56959 - "GET /api/dashboard/stats HTTP/1.1" 200 OK
INFO:     DEBUG: Incoming request from Origin: http://localhost:3000
INFO:     127.0.0.1:56959 - "GET /api/dashboard/stats HTTP/1.1" 200 OK
INFO:     DEBUG: Incoming request from Origin: http://localhost:3000
INFO:     DEBUG: Incoming request from Origin: http://localhost:3000
INFO:     127.0.0.1:56959 - "GET /api/screens HTTP/1.1" 200 OK
INFO:     DEBUG: Incoming request from Origin: http://localhost:3000
INFO:     127.0.0.1:56959 - "GET /api/screens HTTP/1.1" 200 OK
INFO:     127.0.0.1:56993 - "GET /api/locations HTTP/1.1" 200 OK
INFO:     DEBUG: Incoming request from Origin: http://localhost:3000
INFO:     DEBUG: Incoming request from Origin: http://localhost:3000
INFO:     127.0.0.1:56959 - "OPTIONS /api/screen-zones/3182fb15-e2f2-4a6a-b60b-10661378ebd6 HTTP/1.1" 200 OK
INFO:     DEBUG: Incoming request from Origin: http://localhost:3000
INFO:     DEBUG: Incoming request from Origin: http://localhost:3000
INFO:     DEBUG: Incoming request from Origin: http://localhost:3000
INFO:     DEBUG: Incoming request from Origin: http://localhost:3000
INFO:     DEBUG: Incoming request from Origin: http://localhost:3000
INFO:     127.0.0.1:57005 - "OPTIONS /api/screen-zones/9e7578ba-4b61-4c41-b257-d7b968456383 HTTP/1.1" 200 OK
INFO:     127.0.0.1:57007 - "OPTIONS /api/screen-zones/70b501fc-5a64-4178-af1e-4006339dbb94 HTTP/1.1" 200 OK
INFO:     127.0.0.1:57009 - "OPTIONS /api/screen-zones/e6c1dc53-f66a-41a6-b56b-5333cb7168f6 HTTP/1.1" 200 OK
INFO:     127.0.0.1:57010 - "OPTIONS /api/screen-zones/379b4f70-10e3-454f-81db-e012844ee242 HTTP/1.1" 200 OK
INFO:     DEBUG: Incoming request from Origin: http://localhost:3000
INFO:     DEBUG: Incoming request from Origin: http://localhost:3000
INFO:     DEBUG: Incoming request from Origin: http://localhost:3000
INFO:     DEBUG: Incoming request from Origin: http://localhost:3000
INFO:     127.0.0.1:57007 - "GET /api/screen-zones/70b501fc-5a64-4178-af1e-4006339dbb94 HTTP/1.1" 200 OK
INFO:     127.0.0.1:56959 - "GET /api/screen-zones/3182fb15-e2f2-4a6a-b60b-10661378ebd6 HTTP/1.1" 200 OK
INFO:     127.0.0.1:57010 - "GET /api/screen-zones/379b4f70-10e3-454f-81db-e012844ee242 HTTP/1.1" 200 OK
INFO:     127.0.0.1:57009 - "GET /api/screen-zones/e6c1dc53-f66a-41a6-b56b-5333cb7168f6 HTTP/1.1" 200 OK
INFO:     127.0.0.1:57005 - "GET /api/screen-zones/9e7578ba-4b61-4c41-b257-d7b968456383 HTTP/1.1" 200 OK
INFO:     127.0.0.1:56993 - "GET /api/locations HTTP/1.1" 200 OK
INFO:     DEBUG: Incoming request from Origin: http://localhost:3000
INFO:     DEBUG: Incoming request from Origin: http://localhost:3000
INFO:     DEBUG: Incoming request from Origin: http://localhost:3000
INFO:     DEBUG: Incoming request from Origin: http://localhost:3000
INFO:     DEBUG: Incoming request from Origin: http://localhost:3000
INFO:     DEBUG: Incoming request from Origin: http://localhost:3000
INFO:     127.0.0.1:57005 - "GET /api/auth/me HTTP/1.1" 200 OK
INFO:     DEBUG: Incoming request from Origin: http://localhost:3000
INFO:     127.0.0.1:57009 - "GET /api/screen-zones/3182fb15-e2f2-4a6a-b60b-10661378ebd6 HTTP/1.1" 200 OK
INFO:     DEBUG: Incoming request from Origin: http://localhost:3000
INFO:     127.0.0.1:57007 - "GET /api/screen-zones/e6c1dc53-f66a-41a6-b56b-5333cb7168f6 HTTP/1.1" 200 OK
INFO:     DEBUG: Incoming request from Origin: http://localhost:3000
INFO:     127.0.0.1:56959 - "GET /api/screen-zones/70b501fc-5a64-4178-af1e-4006339dbb94 HTTP/1.1" 200 OK
INFO:     DEBUG: Incoming request from Origin: http://localhost:3000
INFO:     127.0.0.1:57010 - "GET /api/screen-zones/9e7578ba-4b61-4c41-b257-d7b968456383 HTTP/1.1" 200 OK
INFO:     DEBUG: Incoming request from Origin: http://localhost:3000
INFO:     127.0.0.1:57005 - "GET /api/screen-zones/379b4f70-10e3-454f-81db-e012844ee242 HTTP/1.1" 200 OK
INFO:     DEBUG: Incoming request from Origin: http://localhost:3000
INFO:     127.0.0.1:57005 - "GET /api/auth/me HTTP/1.1" 200 OK
INFO:     DEBUG: Incoming request from Origin: http://localhost:3000
INFO:     127.0.0.1:57005 - "GET /api/auth/me HTTP/1.1" 200 OK
INFO:     DEBUG: Incoming request from Origin: http://localhost:3000
INFO:     127.0.0.1:57010 - "GET /api/display/mev1 HTTP/1.1" 200 OK
INFO:     DEBUG: Incoming request from Origin: http://localhost:3000
INFO:     127.0.0.1:57005 - "GET /api/auth/me HTTP/1.1" 200 OK
INFO:     127.0.0.1:56993 - "GET /api/display/bc1 HTTP/1.1" 200 OK
INFO:     DEBUG: Incoming request from Origin: http://localhost:3000
INFO:     DEBUG: Incoming request from Origin: http://localhost:3000
INFO:     127.0.0.1:56959 - "GET /api/display/br1 HTTP/1.1" 200 OK
INFO:     DEBUG: Incoming request from Origin: http://localhost:3000
INFO:     127.0.0.1:56993 - "GET /api/auth/me HTTP/1.1" 200 OK
INFO:     127.0.0.1:57007 - "GET /api/display/bc3 HTTP/1.1" 200 OK
INFO:     DEBUG: Incoming request from Origin: http://localhost:3000
INFO:     DEBUG: Incoming request from Origin: http://localhost:3000
INFO:     127.0.0.1:57005 - "POST /api/screens/379b4f70-10e3-454f-81db-e012844ee242/heartbeat HTTP/1.1" 200 OK
INFO:     DEBUG: Incoming request from Origin: http://localhost:3000
INFO:     127.0.0.1:57009 - "GET /api/display/bc2 HTTP/1.1" 200 OK
INFO:     DEBUG: Incoming request from Origin: http://localhost:3000
INFO:     127.0.0.1:57010 - "GET /api/display/mev1 HTTP/1.1" 200 OK
INFO:     127.0.0.1:57005 - "POST /api/screens/e6c1dc53-f66a-41a6-b56b-5333cb7168f6/heartbeat HTTP/1.1" 200 OK
INFO:     DEBUG: Incoming request from Origin: http://localhost:3000
INFO:     DEBUG: Incoming request from Origin: http://localhost:3000
INFO:     127.0.0.1:56993 - "POST /api/screens/3182fb15-e2f2-4a6a-b60b-10661378ebd6/heartbeat HTTP/1.1" 200 OK
INFO:     DEBUG: Incoming request from Origin: http://localhost:3000
INFO:     127.0.0.1:57009 - "GET /api/auth/me HTTP/1.1" 200 OK
INFO:     DEBUG: Incoming request from Origin: http://localhost:3000
INFO:     127.0.0.1:57005 - "POST /api/screens/70b501fc-5a64-4178-af1e-4006339dbb94/heartbeat HTTP/1.1" 200 OK
INFO:     DEBUG: Incoming request from Origin: http://localhost:3000
INFO:     127.0.0.1:57009 - "POST /api/screens/9e7578ba-4b61-4c41-b257-d7b968456383/heartbeat HTTP/1.1" 200 OK
INFO:     DEBUG: Incoming request from Origin: http://localhost:3000
INFO:     127.0.0.1:57005 - "POST /api/screens/379b4f70-10e3-454f-81db-e012844ee242/heartbeat HTTP/1.1" 200 OK
INFO:     127.0.0.1:57009 - "GET /api/auth/me HTTP/1.1" 200 OK
INFO:     DEBUG: Incoming request from Origin: http://localhost:3000
INFO:     127.0.0.1:57007 - "GET /api/display/br1 HTTP/1.1" 200 OK
INFO:     DEBUG: Incoming request from Origin: http://localhost:3000
INFO:     127.0.0.1:57005 - "GET /api/auth/me HTTP/1.1" 200 OK
INFO:     127.0.0.1:56959 - "GET /api/display/bc1 HTTP/1.1" 200 OK
INFO:     127.0.0.1:57007 - "POST /api/screens/e6c1dc53-f66a-41a6-b56b-5333cb7168f6/heartbeat HTTP/1.1" 200 OK
INFO:     DEBUG: Incoming request from Origin: http://localhost:3000
INFO:     DEBUG: Incoming request from Origin: http://localhost:3000
INFO:     127.0.0.1:57009 - "GET /api/auth/me HTTP/1.1" 200 OK
INFO:     127.0.0.1:57007 - "POST /api/screens/3182fb15-e2f2-4a6a-b60b-10661378ebd6/heartbeat HTTP/1.1" 200 OK
INFO:     DEBUG: Incoming request from Origin: http://localhost:3000
INFO:     127.0.0.1:57010 - "GET /api/display/bc3 HTTP/1.1" 200 OK
INFO:     DEBUG: Incoming request from Origin: http://localhost:3000
INFO:     127.0.0.1:56959 - "GET /api/auth/me HTTP/1.1" 200 OK
INFO:     127.0.0.1:56993 - "GET /api/display/bc2 HTTP/1.1" 200 OK
INFO:     DEBUG: Incoming request from Origin: http://localhost:3000
INFO:     127.0.0.1:57010 - "POST /api/screens/70b501fc-5a64-4178-af1e-4006339dbb94/heartbeat HTTP/1.1" 200 OK
INFO:     127.0.0.1:56993 - "POST /api/screens/9e7578ba-4b61-4c41-b257-d7b968456383/heartbeat HTTP/1.1" 200 OK
INFO:     DEBUG: Incoming request from Origin: http://localhost:3000
INFO:     DEBUG: Incoming request from Origin: http://localhost:3000
INFO:     127.0.0.1:57010 - "GET /api/locations HTTP/1.1" 200 OK
INFO:     127.0.0.1:56993 - "GET /api/screens HTTP/1.1" 200 OK
INFO:     DEBUG: Incoming request from Origin: http://localhost:3000
INFO:     DEBUG: Incoming request from Origin: http://localhost:3000
INFO:     DEBUG: Incoming request from Origin: http://localhost:3000
INFO:     DEBUG: Incoming request from Origin: http://localhost:3000
INFO:     DEBUG: Incoming request from Origin: http://localhost:3000
INFO:     127.0.0.1:56993 - "GET /api/screen-zones/3182fb15-e2f2-4a6a-b60b-10661378ebd6 HTTP/1.1" 200 OK
INFO:     127.0.0.1:57010 - "GET /api/screen-zones/9e7578ba-4b61-4c41-b257-d7b968456383 HTTP/1.1" 200 OK
INFO:     127.0.0.1:56959 - "GET /api/screen-zones/70b501fc-5a64-4178-af1e-4006339dbb94 HTTP/1.1" 200 OK
INFO:     127.0.0.1:57007 - "GET /api/screen-zones/e6c1dc53-f66a-41a6-b56b-5333cb7168f6 HTTP/1.1" 200 OK
INFO:     127.0.0.1:57009 - "GET /api/screen-zones/379b4f70-10e3-454f-81db-e012844ee242 HTTP/1.1" 200 OK
INFO:     DEBUG: Incoming request from Origin: http://localhost:3000
INFO:     DEBUG: Incoming request from Origin: http://localhost:3000
INFO:     127.0.0.1:57076 - "GET /api/screens HTTP/1.1" 200 OK
INFO:     127.0.0.1:57077 - "GET /api/locations HTTP/1.1" 200 OK
INFO:     DEBUG: Incoming request from Origin: http://localhost:3000
INFO:     DEBUG: Incoming request from Origin: http://localhost:3000
INFO:     DEBUG: Incoming request from Origin: http://localhost:3000
INFO:     DEBUG: Incoming request from Origin: http://localhost:3000
INFO:     DEBUG: Incoming request from Origin: http://localhost:3000
INFO:     127.0.0.1:57077 - "GET /api/screen-zones/3182fb15-e2f2-4a6a-b60b-10661378ebd6 HTTP/1.1" 200 OK
INFO:     127.0.0.1:57076 - "GET /api/screen-zones/9e7578ba-4b61-4c41-b257-d7b968456383 HTTP/1.1" 200 OK
INFO:     127.0.0.1:57083 - "GET /api/screen-zones/e6c1dc53-f66a-41a6-b56b-5333cb7168f6 HTTP/1.1" 200 OK
INFO:     127.0.0.1:57082 - "GET /api/screen-zones/70b501fc-5a64-4178-af1e-4006339dbb94 HTTP/1.1" 200 OK
INFO:     127.0.0.1:57084 - "GET /api/screen-zones/379b4f70-10e3-454f-81db-e012844ee242 HTTP/1.1" 200 OK
INFO:     DEBUG: Incoming request from Origin: http://localhost:3000
INFO:     DEBUG: Incoming request from Origin: http://localhost:3000
INFO:     DEBUG: Incoming request from Origin: http://localhost:3000
INFO:     127.0.0.1:57098 - "GET /api/display/mev1 HTTP/1.1" 200 OK
INFO:     DEBUG: Incoming request from Origin: http://localhost:3000
INFO:     DEBUG: Incoming request from Origin: http://localhost:3000
INFO:     127.0.0.1:57106 - "GET /api/display/br1 HTTP/1.1" 200 OK
INFO:     127.0.0.1:57108 - "GET /api/display/bc1 HTTP/1.1" 200 OK
INFO:     DEBUG: Incoming request from Origin: http://localhost:3000
INFO:     DEBUG: Incoming request from Origin: http://localhost:3000
INFO:     127.0.0.1:57098 - "GET /api/display/bc3 HTTP/1.1" 200 OK
INFO:     127.0.0.1:57111 - "GET /api/display/bc2 HTTP/1.1" 200 OK
INFO:     127.0.0.1:57106 - "GET /api/locations HTTP/1.1" 200 OK
INFO:     127.0.0.1:57108 - "GET /api/screens HTTP/1.1" 200 OK
INFO:     DEBUG: Incoming request from Origin: http://localhost:3000
INFO:     DEBUG: Incoming request from Origin: http://localhost:3000
INFO:     DEBUG: Incoming request from Origin: http://localhost:3000
INFO:     DEBUG: Incoming request from Origin: http://localhost:3000
INFO:     DEBUG: Incoming request from Origin: http://localhost:3000
INFO:     127.0.0.1:57108 - "GET /api/screen-zones/3182fb15-e2f2-4a6a-b60b-10661378ebd6 HTTP/1.1" 200 OK
INFO:     127.0.0.1:57117 - "GET /api/screen-zones/379b4f70-10e3-454f-81db-e012844ee242 HTTP/1.1" 200 OK
INFO:     127.0.0.1:57111 - "GET /api/screen-zones/70b501fc-5a64-4178-af1e-4006339dbb94 HTTP/1.1" 200 OK
INFO:     127.0.0.1:57098 - "GET /api/screen-zones/e6c1dc53-f66a-41a6-b56b-5333cb7168f6 HTTP/1.1" 200 OK
INFO:     127.0.0.1:57106 - "GET /api/screen-zones/9e7578ba-4b61-4c41-b257-d7b968456383 HTTP/1.1" 200 OK
INFO:     DEBUG: Incoming request from Origin: http://localhost:3000
INFO:     DEBUG: Incoming request from Origin: http://localhost:3000
INFO:     127.0.0.1:57154 - "OPTIONS /api/auth/me HTTP/1.1" 200 OK
INFO:     127.0.0.1:57155 - "OPTIONS /api/auth/me HTTP/1.1" 200 OK
INFO:     DEBUG: Incoming request from Origin: http://localhost:3000
INFO:     DEBUG: Incoming request from Origin: http://localhost:3000
INFO:     127.0.0.1:57154 - "GET /api/auth/me HTTP/1.1" 200 OK
INFO:     127.0.0.1:57155 - "GET /api/auth/me HTTP/1.1" 200 OK
INFO:     DEBUG: Incoming request from Origin: http://localhost:3000
INFO:     DEBUG: Incoming request from Origin: http://localhost:3000
INFO:     127.0.0.1:57154 - "GET /api/locations HTTP/1.1" 200 OK
INFO:     DEBUG: Incoming request from Origin: http://localhost:3000
INFO:     127.0.0.1:57155 - "GET /api/screens HTTP/1.1" 200 OK
INFO:     DEBUG: Incoming request from Origin: http://localhost:3000
INFO:     DEBUG: Incoming request from Origin: http://localhost:3000
INFO:     DEBUG: Incoming request from Origin: http://localhost:3000
INFO:     DEBUG: Incoming request from Origin: http://localhost:3000
INFO:     DEBUG: Incoming request from Origin: http://localhost:3000
INFO:     127.0.0.1:57161 - "GET /api/screen-zones/9e7578ba-4b61-4c41-b257-d7b968456383 HTTP/1.1" 200 OK
INFO:     127.0.0.1:57159 - "GET /api/screen-zones/3182fb15-e2f2-4a6a-b60b-10661378ebd6 HTTP/1.1" 200 OK
INFO:     127.0.0.1:57163 - "GET /api/screen-zones/70b501fc-5a64-4178-af1e-4006339dbb94 HTTP/1.1" 200 OK
INFO:     DEBUG: Incoming request from Origin: http://localhost:3000
INFO:     127.0.0.1:57154 - "GET /api/locations HTTP/1.1" 200 OK
INFO:     127.0.0.1:57155 - "GET /api/screens HTTP/1.1" 200 OK
INFO:     DEBUG: Incoming request from Origin: http://localhost:3000
INFO:     DEBUG: Incoming request from Origin: http://localhost:3000
INFO:     DEBUG: Incoming request from Origin: http://localhost:3000
INFO:     127.0.0.1:57161 - "GET /api/screen-zones/379b4f70-10e3-454f-81db-e012844ee242 HTTP/1.1" 200 OK
INFO:     DEBUG: Incoming request from Origin: http://localhost:3000
INFO:     127.0.0.1:57163 - "GET /api/screen-zones/70b501fc-5a64-4178-af1e-4006339dbb94 HTTP/1.1" 200 OK
INFO:     127.0.0.1:57155 - "GET /api/screen-zones/3182fb15-e2f2-4a6a-b60b-10661378ebd6 HTTP/1.1" 200 OK
INFO:     127.0.0.1:57154 - "GET /api/screen-zones/9e7578ba-4b61-4c41-b257-d7b968456383 HTTP/1.1" 200 OK
INFO:     127.0.0.1:57161 - "GET /api/screen-zones/379b4f70-10e3-454f-81db-e012844ee242 HTTP/1.1" 200 OK
INFO:     127.0.0.1:57164 - "GET /api/screen-zones/e6c1dc53-f66a-41a6-b56b-5333cb7168f6 HTTP/1.1" 200 OK
INFO:     DEBUG: Incoming request from Origin: http://localhost:3000
INFO:     DEBUG: Incoming request from Origin: http://localhost:3000
INFO:     DEBUG: Incoming request from Origin: http://localhost:3000
INFO:     DEBUG: Incoming request from Origin: http://localhost:3000
INFO:     DEBUG: Incoming request from Origin: http://localhost:3000
INFO:     DEBUG: Incoming request from Origin: http://localhost:3000
INFO:     127.0.0.1:57154 - "GET /api/auth/me HTTP/1.1" 200 OK
INFO:     DEBUG: Incoming request from Origin: http://localhost:3000
INFO:     127.0.0.1:57161 - "GET /api/screen-zones/e6c1dc53-f66a-41a6-b56b-5333cb7168f6 HTTP/1.1" 200 OK
INFO:     DEBUG: Incoming request from Origin: http://localhost:3000
INFO:     127.0.0.1:57161 - "GET /api/auth/me HTTP/1.1" 200 OK
INFO:     DEBUG: Incoming request from Origin: http://localhost:3000
INFO:     127.0.0.1:57161 - "GET /api/auth/me HTTP/1.1" 200 OK
INFO:     DEBUG: Incoming request from Origin: http://localhost:3000
INFO:     127.0.0.1:57164 - "GET /api/display/bc1 HTTP/1.1" 200 OK
INFO:     127.0.0.1:57159 - "GET /api/display/br1 HTTP/1.1" 200 OK
INFO:     127.0.0.1:57161 - "GET /api/auth/me HTTP/1.1" 200 OK
INFO:     DEBUG: Incoming request from Origin: http://localhost:3000
INFO:     DEBUG: Incoming request from Origin: http://localhost:3000
INFO:     DEBUG: Incoming request from Origin: http://localhost:3000
INFO:     127.0.0.1:57154 - "GET /api/display/mev1 HTTP/1.1" 200 OK
INFO:     DEBUG: Incoming request from Origin: http://localhost:3000
INFO:     127.0.0.1:57161 - "POST /api/screens/3182fb15-e2f2-4a6a-b60b-10661378ebd6/heartbeat HTTP/1.1" 200 OK
INFO:     DEBUG: Incoming request from Origin: http://localhost:3000
INFO:     127.0.0.1:57154 - "POST /api/screens/e6c1dc53-f66a-41a6-b56b-5333cb7168f6/heartbeat HTTP/1.1" 200 OK
INFO:     127.0.0.1:57155 - "GET /api/display/bc2 HTTP/1.1" 200 OK
INFO:     DEBUG: Incoming request from Origin: http://localhost:3000
INFO:     DEBUG: Incoming request from Origin: http://localhost:3000
INFO:     127.0.0.1:57161 - "GET /api/auth/me HTTP/1.1" 200 OK
INFO:     DEBUG: Incoming request from Origin: http://localhost:3000
INFO:     127.0.0.1:57163 - "GET /api/display/bc3 HTTP/1.1" 200 OK
INFO:     DEBUG: Incoming request from Origin: http://localhost:3000
INFO:     127.0.0.1:57155 - "POST /api/screens/379b4f70-10e3-454f-81db-e012844ee242/heartbeat HTTP/1.1" 200 OK
INFO:     DEBUG: Incoming request from Origin: http://localhost:3000
INFO:     127.0.0.1:57163 - "POST /api/screens/9e7578ba-4b61-4c41-b257-d7b968456383/heartbeat HTTP/1.1" 200 OK
INFO:     DEBUG: Incoming request from Origin: http://localhost:3000
INFO:     127.0.0.1:57159 - "GET /api/display/br1 HTTP/1.1" 200 OK
INFO:     127.0.0.1:57155 - "GET /api/auth/me HTTP/1.1" 200 OK
INFO:     DEBUG: Incoming request from Origin: http://localhost:3000
INFO:     DEBUG: Incoming request from Origin: http://localhost:3000
INFO:     127.0.0.1:57154 - "GET /api/display/mev1 HTTP/1.1" 200 OK
INFO:     DEBUG: Incoming request from Origin: http://localhost:3000
INFO:     127.0.0.1:57164 - "GET /api/display/bc1 HTTP/1.1" 200 OK
INFO:     127.0.0.1:57159 - "POST /api/screens/70b501fc-5a64-4178-af1e-4006339dbb94/heartbeat HTTP/1.1" 200 OK
INFO:     DEBUG: Incoming request from Origin: http://localhost:3000
INFO:     DEBUG: Incoming request from Origin: http://localhost:3000
INFO:     127.0.0.1:57154 - "GET /api/auth/me HTTP/1.1" 200 OK
INFO:     DEBUG: Incoming request from Origin: http://localhost:3000
INFO:     127.0.0.1:57155 - "POST /api/screens/e6c1dc53-f66a-41a6-b56b-5333cb7168f6/heartbeat HTTP/1.1" 200 OK
INFO:     127.0.0.1:57159 - "POST /api/screens/3182fb15-e2f2-4a6a-b60b-10661378ebd6/heartbeat HTTP/1.1" 200 OK
INFO:     127.0.0.1:57154 - "GET /api/auth/me HTTP/1.1" 200 OK
INFO:     DEBUG: Incoming request from Origin: http://localhost:3000
INFO:     127.0.0.1:57164 - "POST /api/screens/379b4f70-10e3-454f-81db-e012844ee242/heartbeat HTTP/1.1" 200 OK
INFO:     127.0.0.1:57161 - "GET /api/display/bc2 HTTP/1.1" 200 OK
INFO:     DEBUG: Incoming request from Origin: http://localhost:3000
INFO:     127.0.0.1:57159 - "GET /api/auth/me HTTP/1.1" 200 OK
INFO:     DEBUG: Incoming request from Origin: http://localhost:3000
INFO:     127.0.0.1:57161 - "POST /api/screens/9e7578ba-4b61-4c41-b257-d7b968456383/heartbeat HTTP/1.1" 200 OK
INFO:     127.0.0.1:57159 - "GET /api/auth/me HTTP/1.1" 200 OK
INFO:     DEBUG: Incoming request from Origin: http://localhost:3000
INFO:     DEBUG: Incoming request from Origin: http://localhost:3000
INFO:     127.0.0.1:57163 - "GET /api/display/bc3 HTTP/1.1" 200 OK
INFO:     DEBUG: Incoming request from Origin: http://localhost:3000
INFO:     127.0.0.1:57163 - "POST /api/screens/70b501fc-5a64-4178-af1e-4006339dbb94/heartbeat HTTP/1.1" 200 OK
INFO:     127.0.0.1:57159 - "GET /api/screens HTTP/1.1" 200 OK
INFO:     127.0.0.1:57161 - "GET /api/locations HTTP/1.1" 200 OK
INFO:     DEBUG: Incoming request from Origin: http://localhost:3000
INFO:     DEBUG: Incoming request from Origin: http://localhost:3000
INFO:     DEBUG: Incoming request from Origin: http://localhost:3000
INFO:     DEBUG: Incoming request from Origin: http://localhost:3000
INFO:     DEBUG: Incoming request from Origin: http://localhost:3000
INFO:     127.0.0.1:57161 - "GET /api/screen-zones/3182fb15-e2f2-4a6a-b60b-10661378ebd6 HTTP/1.1" 200 OK
INFO:     127.0.0.1:57154 - "GET /api/screen-zones/379b4f70-10e3-454f-81db-e012844ee242 HTTP/1.1" 200 OK
INFO:     127.0.0.1:57164 - "GET /api/screen-zones/e6c1dc53-f66a-41a6-b56b-5333cb7168f6 HTTP/1.1" 200 OK
INFO:     127.0.0.1:57159 - "GET /api/screen-zones/9e7578ba-4b61-4c41-b257-d7b968456383 HTTP/1.1" 200 OK
INFO:     127.0.0.1:57163 - "GET /api/screen-zones/70b501fc-5a64-4178-af1e-4006339dbb94 HTTP/1.1" 200 OK
INFO:     DEBUG: Incoming request from Origin: http://localhost:3000
INFO:     DEBUG: Incoming request from Origin: http://localhost:3000
INFO:     127.0.0.1:57232 - "GET /api/locations HTTP/1.1" 200 OK
INFO:     127.0.0.1:57231 - "GET /api/screens HTTP/1.1" 200 OK
INFO:     DEBUG: Incoming request from Origin: http://localhost:3000
INFO:     DEBUG: Incoming request from Origin: http://localhost:3000
INFO:     DEBUG: Incoming request from Origin: http://localhost:3000
INFO:     DEBUG: Incoming request from Origin: http://localhost:3000
INFO:     DEBUG: Incoming request from Origin: http://localhost:3000
INFO:     127.0.0.1:57238 - "GET /api/screen-zones/379b4f70-10e3-454f-81db-e012844ee242 HTTP/1.1" 200 OK
INFO:     127.0.0.1:57237 - "GET /api/screen-zones/e6c1dc53-f66a-41a6-b56b-5333cb7168f6 HTTP/1.1" 200 OK
INFO:     127.0.0.1:57232 - "GET /api/screen-zones/9e7578ba-4b61-4c41-b257-d7b968456383 HTTP/1.1" 200 OK
INFO:     127.0.0.1:57231 - "GET /api/screen-zones/3182fb15-e2f2-4a6a-b60b-10661378ebd6 HTTP/1.1" 200 OK
INFO:     127.0.0.1:57235 - "GET /api/screen-zones/70b501fc-5a64-4178-af1e-4006339dbb94 HTTP/1.1" 200 OK
INFO:     DEBUG: Incoming request from Origin: http://localhost:3000
INFO:     DEBUG: Incoming request from Origin: http://localhost:3000
INFO:     DEBUG: Incoming request from Origin: http://localhost:3000
INFO:     DEBUG: Incoming request from Origin: http://localhost:3000
INFO:     127.0.0.1:57259 - "GET /api/display/mev1 HTTP/1.1" 200 OK
INFO:     127.0.0.1:57257 - "GET /api/display/br1 HTTP/1.1" 200 OK
INFO:     DEBUG: Incoming request from Origin: http://localhost:3000
INFO:     DEBUG: Incoming request from Origin: http://localhost:3000
INFO:     DEBUG: Incoming request from Origin: http://localhost:3000
INFO:     127.0.0.1:57261 - "GET /api/display/bc1 HTTP/1.1" 200 OK
INFO:     127.0.0.1:57257 - "GET /api/screens HTTP/1.1" 200 OK
INFO:     127.0.0.1:57259 - "GET /api/locations HTTP/1.1" 200 OK
INFO:     DEBUG: Incoming request from Origin: http://localhost:3000
INFO:     DEBUG: Incoming request from Origin: http://localhost:3000
INFO:     DEBUG: Incoming request from Origin: http://localhost:3000
INFO:     DEBUG: Incoming request from Origin: http://localhost:3000
INFO:     127.0.0.1:57267 - "GET /api/display/bc2 HTTP/1.1" 200 OK
INFO:     DEBUG: Incoming request from Origin: http://localhost:3000
INFO:     127.0.0.1:57272 - "GET /api/screen-zones/e6c1dc53-f66a-41a6-b56b-5333cb7168f6 HTTP/1.1" 200 OK
INFO:     127.0.0.1:57257 - "GET /api/screen-zones/9e7578ba-4b61-4c41-b257-d7b968456383 HTTP/1.1" 200 OK
INFO:     127.0.0.1:57259 - "GET /api/screen-zones/3182fb15-e2f2-4a6a-b60b-10661378ebd6 HTTP/1.1" 200 OK
INFO:     127.0.0.1:57261 - "GET /api/screen-zones/70b501fc-5a64-4178-af1e-4006339dbb94 HTTP/1.1" 200 OK
INFO:     127.0.0.1:57267 - "GET /api/screen-zones/379b4f70-10e3-454f-81db-e012844ee242 HTTP/1.1" 200 OK
INFO:     127.0.0.1:57269 - "GET /api/display/bc3 HTTP/1.1" 200 OK
INFO:     DEBUG: Incoming request from Origin: http://localhost:3000
INFO:     DEBUG: Incoming request from Origin: http://localhost:3000
INFO:     127.0.0.1:57300 - "GET /api/screens HTTP/1.1" 200 OK
INFO:     127.0.0.1:57301 - "GET /api/locations HTTP/1.1" 200 OK
INFO:     DEBUG: Incoming request from Origin: http://localhost:3000
INFO:     DEBUG: Incoming request from Origin: http://localhost:3000
INFO:     DEBUG: Incoming request from Origin: http://localhost:3000
INFO:     DEBUG: Incoming request from Origin: http://localhost:3000
INFO:     DEBUG: Incoming request from Origin: http://localhost:3000
INFO:     DEBUG: Incoming request from Origin: http://localhost:3000
INFO:     127.0.0.1:57300 - "GET /api/screens HTTP/1.1" 200 OK
INFO:     127.0.0.1:57301 - "GET /api/locations HTTP/1.1" 200 OK
INFO:     DEBUG: Incoming request from Origin: http://localhost:3000
INFO:     DEBUG: Incoming request from Origin: http://localhost:3000
INFO:     127.0.0.1:57324 - "GET /api/auth/me HTTP/1.1" 200 OK
INFO:     DEBUG: Incoming request from Origin: http://localhost:3000
INFO:     127.0.0.1:57324 - "GET /api/auth/me HTTP/1.1" 200 OK
INFO:     DEBUG: Incoming request from Origin: http://localhost:3000
INFO:     127.0.0.1:57324 - "GET /api/auth/me HTTP/1.1" 200 OK
INFO:     DEBUG: Incoming request from Origin: http://localhost:3000
INFO:     127.0.0.1:57301 - "GET /api/display/mev1 HTTP/1.1" 200 OK
INFO:     127.0.0.1:57324 - "GET /api/auth/me HTTP/1.1" 200 OK
INFO:     DEBUG: Incoming request from Origin: http://localhost:3000
INFO:     DEBUG: Incoming request from Origin: http://localhost:3000
INFO:     127.0.0.1:57328 - "GET /api/display/bc3 HTTP/1.1" 200 OK
INFO:     127.0.0.1:57300 - "GET /api/display/br1 HTTP/1.1" 200 OK
INFO:     127.0.0.1:57326 - "GET /api/display/bc2 HTTP/1.1" 200 OK
INFO:     DEBUG: Incoming request from Origin: http://localhost:3000
INFO:     DEBUG: Incoming request from Origin: http://localhost:3000
INFO:     DEBUG: Incoming request from Origin: http://localhost:3000
INFO:     127.0.0.1:57307 - "GET /api/display/bc1 HTTP/1.1" 200 OK
INFO:     DEBUG: Incoming request from Origin: http://localhost:3000
INFO:     127.0.0.1:57324 - "POST /api/screens/379b4f70-10e3-454f-81db-e012844ee242/heartbeat HTTP/1.1" 200 OK
INFO:     DEBUG: Incoming request from Origin: http://localhost:3000
INFO:     127.0.0.1:57328 - "GET /api/auth/me HTTP/1.1" 200 OK
INFO:     DEBUG: Incoming request from Origin: http://localhost:3000
INFO:     127.0.0.1:57324 - "POST /api/screens/70b501fc-5a64-4178-af1e-4006339dbb94/heartbeat HTTP/1.1" 200 OK
INFO:     DEBUG: Incoming request from Origin: http://localhost:3000
INFO:     127.0.0.1:57301 - "GET /api/display/mev1 HTTP/1.1" 200 OK
INFO:     DEBUG: Incoming request from Origin: http://localhost:3000
INFO:     127.0.0.1:57328 - "POST /api/screens/e6c1dc53-f66a-41a6-b56b-5333cb7168f6/heartbeat HTTP/1.1" 200 OK
INFO:     DEBUG: Incoming request from Origin: http://localhost:3000
INFO:     DEBUG: Incoming request from Origin: http://localhost:3000
INFO:     DEBUG: Incoming request from Origin: http://localhost:3000
INFO:     DEBUG: Incoming request from Origin: http://localhost:3000
INFO:     DEBUG: Incoming request from Origin: http://localhost:3000
INFO:     DEBUG: Incoming request from Origin: http://localhost:3000
INFO:     DEBUG: Incoming request from Origin: http://localhost:3000
INFO:     127.0.0.1:57344 - "OPTIONS /api/screens/3182fb15-e2f2-4a6a-b60b-10661378ebd6 HTTP/1.1" 200 OK
INFO:     DEBUG: Incoming request from Origin: http://localhost:3000
INFO:     DEBUG: Incoming request from Origin: http://localhost:3000
INFO:     DEBUG: Incoming request from Origin: http://localhost:3000
INFO:     DEBUG: Incoming request from Origin: http://localhost:3000
INFO:     DEBUG: Incoming request from Origin: http://localhost:3000
INFO:     127.0.0.1:57350 - "OPTIONS /api/screen-templates HTTP/1.1" 200 OK
INFO:     DEBUG: Incoming request from Origin: http://localhost:3000
INFO:     127.0.0.1:57352 - "OPTIONS /api/digital-menus HTTP/1.1" 200 OK
INFO:     127.0.0.1:57354 - "OPTIONS /api/playlists HTTP/1.1" 200 OK
INFO:     DEBUG: Incoming request from Origin: http://localhost:3000
INFO:     DEBUG: Incoming request from Origin: http://localhost:3000
INFO:     DEBUG: Incoming request from Origin: http://localhost:3000
INFO:     127.0.0.1:57350 - "OPTIONS /api/screens/3182fb15-e2f2-4a6a-b60b-10661378ebd6 HTTP/1.1" 200 OK
INFO:     127.0.0.1:57354 - "OPTIONS /api/screen-templates HTTP/1.1" 200 OK
INFO:     DEBUG: Incoming request from Origin: http://localhost:3000
INFO:     DEBUG: Incoming request from Origin: http://localhost:3000
INFO:     127.0.0.1:57350 - "OPTIONS /api/digital-menus HTTP/1.1" 200 OK
INFO:     127.0.0.1:57354 - "OPTIONS /api/playlists HTTP/1.1" 200 OK
INFO:     DEBUG: Incoming request from Origin: http://localhost:3000
INFO:     DEBUG: Incoming request from Origin: http://localhost:3000
INFO:     127.0.0.1:57350 - "GET /api/screen-templates HTTP/1.1" 200 OK
INFO:     DEBUG: Incoming request from Origin: http://localhost:3000
INFO:     127.0.0.1:57348 - "GET /api/screens HTTP/1.1" 200 OK
INFO:     DEBUG: Incoming request from Origin: http://localhost:3000
INFO:     127.0.0.1:57344 - "GET /api/screen-zones/3182fb15-e2f2-4a6a-b60b-10661378ebd6 HTTP/1.1" 200 OK
INFO:     DEBUG: Incoming request from Origin: http://localhost:3000
INFO:     127.0.0.1:57355 - "GET /api/content HTTP/1.1" 200 OK
INFO:     DEBUG: Incoming request from Origin: http://localhost:3000
INFO:     127.0.0.1:57354 - "GET /api/digital-menus HTTP/1.1" 200 OK
INFO:     DEBUG: Incoming request from Origin: http://localhost:3000
INFO:     127.0.0.1:57352 - "GET /api/screens/3182fb15-e2f2-4a6a-b60b-10661378ebd6 HTTP/1.1" 200 OK
INFO:     DEBUG: Incoming request from Origin: http://localhost:3000
INFO:     127.0.0.1:57348 - "GET /api/screen-templates HTTP/1.1" 200 OK
INFO:     DEBUG: Incoming request from Origin: http://localhost:3000
INFO:     127.0.0.1:57350 - "GET /api/playlists HTTP/1.1" 200 OK
INFO:     DEBUG: Incoming request from Origin: http://localhost:3000
INFO:     127.0.0.1:57344 - "GET /api/screens HTTP/1.1" 200 OK
INFO:     127.0.0.1:57355 - "GET /api/screen-zones/3182fb15-e2f2-4a6a-b60b-10661378ebd6 HTTP/1.1" 200 OK
INFO:     127.0.0.1:57354 - "GET /api/content HTTP/1.1" 200 OK
INFO:     127.0.0.1:57352 - "GET /api/digital-menus HTTP/1.1" 200 OK
INFO:     127.0.0.1:57348 - "GET /api/screens/3182fb15-e2f2-4a6a-b60b-10661378ebd6 HTTP/1.1" 200 OK
INFO:     127.0.0.1:57350 - "GET /api/playlists HTTP/1.1" 200 OK
INFO:     DEBUG: Incoming request from Origin: http://localhost:3000
INFO:     DEBUG: Incoming request from Origin: http://localhost:3000
INFO:     127.0.0.1:57380 - "GET /api/locations HTTP/1.1" 200 OK
INFO:     DEBUG: Incoming request from Origin: http://localhost:3000
INFO:     127.0.0.1:57379 - "GET /api/screens HTTP/1.1" 200 OK
INFO:     DEBUG: Incoming request from Origin: http://localhost:3000
INFO:     DEBUG: Incoming request from Origin: http://localhost:3000
INFO:     DEBUG: Incoming request from Origin: http://localhost:3000
INFO:     DEBUG: Incoming request from Origin: http://localhost:3000
INFO:     DEBUG: Incoming request from Origin: http://localhost:3000
INFO:     127.0.0.1:57380 - "GET /api/locations HTTP/1.1" 200 OK
INFO:     DEBUG: Incoming request from Origin: http://localhost:3000
INFO:     127.0.0.1:57403 - "GET /api/auth/me HTTP/1.1" 200 OK
INFO:     127.0.0.1:57379 - "GET /api/screens HTTP/1.1" 200 OK
INFO:     DEBUG: Incoming request from Origin: http://localhost:3000
INFO:     DEBUG: Incoming request from Origin: http://localhost:3000
INFO:     127.0.0.1:57379 - "GET /api/auth/me HTTP/1.1" 200 OK
INFO:     DEBUG: Incoming request from Origin: http://localhost:3000
INFO:     127.0.0.1:57379 - "GET /api/auth/me HTTP/1.1" 200 OK
INFO:     DEBUG: Incoming request from Origin: http://localhost:3000
INFO:     127.0.0.1:57379 - "GET /api/auth/me HTTP/1.1" 200 OK
INFO:     DEBUG: Incoming request from Origin: http://localhost:3000
INFO:     127.0.0.1:57403 - "GET /api/display/mev1 HTTP/1.1" 200 OK
INFO:     127.0.0.1:57401 - "GET /api/display/bc1 HTTP/1.1" 200 OK
INFO:     DEBUG: Incoming request from Origin: http://localhost:3000
INFO:     DEBUG: Incoming request from Origin: http://localhost:3000
INFO:     127.0.0.1:57379 - "GET /api/auth/me HTTP/1.1" 200 OK
INFO:     DEBUG: Incoming request from Origin: http://localhost:3000
INFO:     127.0.0.1:57380 - "GET /api/display/br1 HTTP/1.1" 200 OK
INFO:     127.0.0.1:57407 - "GET /api/display/bc3 HTTP/1.1" 200 OK
INFO:     DEBUG: Incoming request from Origin: http://localhost:3000
INFO:     DEBUG: Incoming request from Origin: http://localhost:3000
INFO:     127.0.0.1:57379 - "POST /api/screens/379b4f70-10e3-454f-81db-e012844ee242/heartbeat HTTP/1.1" 200 OK
INFO:     DEBUG: Incoming request from Origin: http://localhost:3000
INFO:     127.0.0.1:57380 - "POST /api/screens/3182fb15-e2f2-4a6a-b60b-10661378ebd6/heartbeat HTTP/1.1" 200 OK
INFO:     127.0.0.1:57405 - "GET /api/display/bc2 HTTP/1.1" 200 OK
INFO:     DEBUG: Incoming request from Origin: http://localhost:3000
INFO:     DEBUG: Incoming request from Origin: http://localhost:3000
INFO:     127.0.0.1:57407 - "GET /api/auth/me HTTP/1.1" 200 OK
INFO:     DEBUG: Incoming request from Origin: http://localhost:3000
INFO:     127.0.0.1:57405 - "POST /api/screens/e6c1dc53-f66a-41a6-b56b-5333cb7168f6/heartbeat HTTP/1.1" 200 OK
INFO:     DEBUG: Incoming request from Origin: http://localhost:3000
INFO:     127.0.0.1:57407 - "POST /api/screens/70b501fc-5a64-4178-af1e-4006339dbb94/heartbeat HTTP/1.1" 200 OK
INFO:     127.0.0.1:57403 - "GET /api/display/mev1 HTTP/1.1" 200 OK
INFO:     DEBUG: Incoming request from Origin: http://localhost:3000
INFO:     DEBUG: Incoming request from Origin: http://localhost:3000
INFO:     127.0.0.1:57407 - "GET /api/auth/me HTTP/1.1" 200 OK
INFO:     127.0.0.1:57403 - "POST /api/screens/9e7578ba-4b61-4c41-b257-d7b968456383/heartbeat HTTP/1.1" 200 OK
INFO:     DEBUG: Incoming request from Origin: http://localhost:3000
INFO:     DEBUG: Incoming request from Origin: http://localhost:3000
INFO:     127.0.0.1:57403 - "GET /api/auth/me HTTP/1.1" 200 OK
INFO:     127.0.0.1:57407 - "POST /api/screens/379b4f70-10e3-454f-81db-e012844ee242/heartbeat HTTP/1.1" 200 OK
INFO:     127.0.0.1:57379 - "GET /api/display/br1 HTTP/1.1" 200 OK
INFO:     DEBUG: Incoming request from Origin: http://localhost:3000
INFO:     DEBUG: Incoming request from Origin: http://localhost:3000
INFO:     127.0.0.1:57401 - "GET /api/display/bc1 HTTP/1.1" 200 OK
INFO:     DEBUG: Incoming request from Origin: http://localhost:3000
INFO:     127.0.0.1:57403 - "GET /api/auth/me HTTP/1.1" 200 OK
INFO:     127.0.0.1:57379 - "POST /api/screens/e6c1dc53-f66a-41a6-b56b-5333cb7168f6/heartbeat HTTP/1.1" 200 OK
INFO:     DEBUG: Incoming request from Origin: http://localhost:3000
INFO:     127.0.0.1:57401 - "POST /api/screens/3182fb15-e2f2-4a6a-b60b-10661378ebd6/heartbeat HTTP/1.1" 200 OK
INFO:     127.0.0.1:57380 - "GET /api/display/bc3 HTTP/1.1" 200 OK
INFO:     127.0.0.1:57403 - "GET /api/auth/me HTTP/1.1" 200 OK
INFO:     DEBUG: Incoming request from Origin: http://localhost:3000
INFO:     127.0.0.1:57405 - "GET /api/display/bc2 HTTP/1.1" 200 OK
INFO:     DEBUG: Incoming request from Origin: http://localhost:3000
INFO:     127.0.0.1:57403 - "POST /api/screens/70b501fc-5a64-4178-af1e-4006339dbb94/heartbeat HTTP/1.1" 200 OK
INFO:     127.0.0.1:57405 - "POST /api/screens/9e7578ba-4b61-4c41-b257-d7b968456383/heartbeat HTTP/1.1" 200 OK
INFO:     DEBUG: Incoming request from Origin: http://localhost:3000
INFO:     DEBUG: Incoming request from Origin: http://localhost:3000
INFO:     DEBUG: Incoming request from Origin: http://localhost:3000
INFO:     127.0.0.1:57462 - "GET /api/display/mev1 HTTP/1.1" 200 OK
INFO:     DEBUG: Incoming request from Origin: http://localhost:3000
INFO:     DEBUG: Incoming request from Origin: http://localhost:3000
INFO:     127.0.0.1:57464 - "GET /api/display/br1 HTTP/1.1" 200 OK
INFO:     127.0.0.1:57466 - "GET /api/display/bc1 HTTP/1.1" 200 OK
INFO:     127.0.0.1:57462 - "GET /api/display/bc3 HTTP/1.1" 200 OK
INFO:     127.0.0.1:57468 - "GET /api/display/bc2 HTTP/1.1" 200 OK
INFO:     DEBUG: Incoming request from Origin: http://localhost:3000
INFO:     DEBUG: Incoming request from Origin: http://localhost:3000
INFO:     DEBUG: Incoming request from Origin: http://localhost:3000
INFO:     127.0.0.1:57511 - "GET /api/display/mev1 HTTP/1.1" 200 OK
INFO:     DEBUG: Incoming request from Origin: http://localhost:3000
INFO:     DEBUG: Incoming request from Origin: http://localhost:3000
INFO:     127.0.0.1:57514 - "GET /api/display/br1 HTTP/1.1" 200 OK
INFO:     127.0.0.1:57516 - "GET /api/display/bc1 HTTP/1.1" 200 OK
INFO:     127.0.0.1:57511 - "GET /api/display/bc3 HTTP/1.1" 200 OK
INFO:     127.0.0.1:57518 - "GET /api/display/bc2 HTTP/1.1" 200 OK
INFO:     DEBUG: Incoming request from Origin: http://localhost:3000
INFO:     DEBUG: Incoming request from Origin: http://localhost:3000
INFO:     DEBUG: Incoming request from Origin: http://localhost:3000
INFO:     127.0.0.1:57562 - "GET /api/display/mev1 HTTP/1.1" 200 OK
INFO:     DEBUG: Incoming request from Origin: http://localhost:3000
INFO:     DEBUG: Incoming request from Origin: http://localhost:3000
INFO:     127.0.0.1:57564 - "GET /api/display/br1 HTTP/1.1" 200 OK
INFO:     127.0.0.1:57566 - "GET /api/display/bc1 HTTP/1.1" 200 OK
INFO:     127.0.0.1:57562 - "GET /api/display/bc3 HTTP/1.1" 200 OK
INFO:     127.0.0.1:57568 - "GET /api/display/bc2 HTTP/1.1" 200 OK
INFO:     DEBUG: Incoming request from Origin: http://localhost:3000
INFO:     DEBUG: Incoming request from Origin: http://localhost:3000
INFO:     DEBUG: Incoming request from Origin: http://localhost:3000
INFO:     127.0.0.1:57614 - "GET /api/display/mev1 HTTP/1.1" 200 OK
INFO:     DEBUG: Incoming request from Origin: http://localhost:3000
INFO:     DEBUG: Incoming request from Origin: http://localhost:3000
INFO:     127.0.0.1:57620 - "GET /api/display/br1 HTTP/1.1" 200 OK
INFO:     127.0.0.1:57622 - "GET /api/display/bc1 HTTP/1.1" 200 OK
INFO:     127.0.0.1:57624 - "GET /api/display/bc2 HTTP/1.1" 200 OK
INFO:     127.0.0.1:57614 - "GET /api/display/bc3 HTTP/1.1" 200 OK
INFO:     DEBUG: Incoming request from Origin: http://localhost:3000
INFO:     DEBUG: Incoming request from Origin: http://localhost:3000
INFO:     DEBUG: Incoming request from Origin: http://localhost:3000
INFO:     127.0.0.1:57667 - "GET /api/display/mev1 HTTP/1.1" 200 OK
INFO:     DEBUG: Incoming request from Origin: http://localhost:3000
INFO:     DEBUG: Incoming request from Origin: http://localhost:3000
INFO:     127.0.0.1:57673 - "GET /api/display/br1 HTTP/1.1" 200 OK
INFO:     127.0.0.1:57675 - "GET /api/display/bc1 HTTP/1.1" 200 OK
INFO:     127.0.0.1:57667 - "GET /api/display/bc3 HTTP/1.1" 200 OK
INFO:     127.0.0.1:57677 - "GET /api/display/bc2 HTTP/1.1" 200 OK
INFO:     DEBUG: Incoming request from Origin: http://localhost:3000
INFO:     DEBUG: Incoming request from Origin: http://localhost:3000
INFO:     DEBUG: Incoming request from Origin: http://localhost:3000
INFO:     127.0.0.1:57717 - "GET /api/display/mev1 HTTP/1.1" 200 OK
INFO:     DEBUG: Incoming request from Origin: http://localhost:3000
INFO:     DEBUG: Incoming request from Origin: http://localhost:3000
INFO:     127.0.0.1:57723 - "GET /api/display/br1 HTTP/1.1" 200 OK
INFO:     127.0.0.1:57725 - "GET /api/display/bc1 HTTP/1.1" 200 OK
INFO:     127.0.0.1:57717 - "GET /api/display/bc3 HTTP/1.1" 200 OK
INFO:     127.0.0.1:57729 - "GET /api/display/bc2 HTTP/1.1" 200 OK
INFO:     DEBUG: Incoming request from Origin: http://localhost:3000
INFO:     DEBUG: Incoming request from Origin: http://localhost:3000
INFO:     DEBUG: Incoming request from Origin: http://localhost:3000
INFO:     127.0.0.1:57772 - "GET /api/display/mev1 HTTP/1.1" 200 OK
INFO:     DEBUG: Incoming request from Origin: http://localhost:3000
INFO:     DEBUG: Incoming request from Origin: http://localhost:3000
INFO:     127.0.0.1:57779 - "GET /api/display/br1 HTTP/1.1" 200 OK
INFO:     127.0.0.1:57781 - "GET /api/display/bc1 HTTP/1.1" 200 OK
INFO:     127.0.0.1:57772 - "GET /api/display/bc3 HTTP/1.1" 200 OK
INFO:     127.0.0.1:57784 - "GET /api/display/bc2 HTTP/1.1" 200 OK
INFO:     DEBUG: Incoming request from Origin: http://localhost:3000
INFO:     DEBUG: Incoming request from Origin: http://localhost:3000
INFO:     DEBUG: Incoming request from Origin: http://localhost:3000
INFO:     127.0.0.1:57824 - "GET /api/display/mev1 HTTP/1.1" 200 OK
INFO:     DEBUG: Incoming request from Origin: http://localhost:3000
INFO:     DEBUG: Incoming request from Origin: http://localhost:3000
INFO:     127.0.0.1:57830 - "GET /api/display/br1 HTTP/1.1" 200 OK
INFO:     127.0.0.1:57832 - "GET /api/display/bc1 HTTP/1.1" 200 OK
INFO:     127.0.0.1:57824 - "GET /api/display/bc3 HTTP/1.1" 200 OK
INFO:     127.0.0.1:57834 - "GET /api/display/bc2 HTTP/1.1" 200 OK
INFO:     DEBUG: Incoming request from Origin: http://localhost:3000
INFO:     DEBUG: Incoming request from Origin: http://localhost:3000
INFO:     127.0.0.1:57872 - "GET /api/screens HTTP/1.1" 200 OK
INFO:     DEBUG: Incoming request from Origin: http://localhost:3000
INFO:     127.0.0.1:57873 - "GET /api/locations HTTP/1.1" 200 OK
INFO:     DEBUG: Incoming request from Origin: http://localhost:3000
INFO:     DEBUG: Incoming request from Origin: http://localhost:3000
INFO:     DEBUG: Incoming request from Origin: http://localhost:3000
INFO:     DEBUG: Incoming request from Origin: http://localhost:3000
INFO:     DEBUG: Incoming request from Origin: http://localhost:3000
INFO:     127.0.0.1:57872 - "GET /api/screens HTTP/1.1" 200 OK
INFO:     DEBUG: Incoming request from Origin: http://localhost:3000
INFO:     127.0.0.1:57881 - "GET /api/screen-zones/e6c1dc53-f66a-41a6-b56b-5333cb7168f6 HTTP/1.1" 200 OK
INFO:     127.0.0.1:57877 - "GET /api/screen-zones/3182fb15-e2f2-4a6a-b60b-10661378ebd6 HTTP/1.1" 200 OK
INFO:     127.0.0.1:57880 - "GET /api/screen-zones/70b501fc-5a64-4178-af1e-4006339dbb94 HTTP/1.1" 200 OK
INFO:     127.0.0.1:57873 - "GET /api/locations HTTP/1.1" 200 OK
INFO:     127.0.0.1:57879 - "GET /api/screen-zones/9e7578ba-4b61-4c41-b257-d7b968456383 HTTP/1.1" 200 OK
INFO:     DEBUG: Incoming request from Origin: http://localhost:3000
INFO:     DEBUG: Incoming request from Origin: http://localhost:3000
INFO:     DEBUG: Incoming request from Origin: http://localhost:3000
INFO:     DEBUG: Incoming request from Origin: http://localhost:3000
INFO:     127.0.0.1:57872 - "GET /api/screen-zones/379b4f70-10e3-454f-81db-e012844ee242 HTTP/1.1" 200 OK
INFO:     DEBUG: Incoming request from Origin: http://localhost:3000
INFO:     127.0.0.1:57879 - "GET /api/screen-zones/9e7578ba-4b61-4c41-b257-d7b968456383 HTTP/1.1" 200 OK
INFO:     127.0.0.1:57873 - "GET /api/screen-zones/3182fb15-e2f2-4a6a-b60b-10661378ebd6 HTTP/1.1" 200 OK
INFO:     127.0.0.1:57880 - "GET /api/screen-zones/70b501fc-5a64-4178-af1e-4006339dbb94 HTTP/1.1" 200 OK
INFO:     127.0.0.1:57877 - "GET /api/screen-zones/e6c1dc53-f66a-41a6-b56b-5333cb7168f6 HTTP/1.1" 200 OK
INFO:     DEBUG: Incoming request from Origin: http://localhost:3000
INFO:     DEBUG: Incoming request from Origin: http://localhost:3000
INFO:     DEBUG: Incoming request from Origin: http://localhost:3000
INFO:     DEBUG: Incoming request from Origin: http://localhost:3000
INFO:     DEBUG: Incoming request from Origin: http://localhost:3000
INFO:     127.0.0.1:57872 - "GET /api/screen-zones/379b4f70-10e3-454f-81db-e012844ee242 HTTP/1.1" 200 OK
INFO:     DEBUG: Incoming request from Origin: http://localhost:3000
INFO:     127.0.0.1:57880 - "GET /api/auth/me HTTP/1.1" 200 OK
INFO:     DEBUG: Incoming request from Origin: http://localhost:3000
INFO:     127.0.0.1:57880 - "GET /api/auth/me HTTP/1.1" 200 OK
INFO:     DEBUG: Incoming request from Origin: http://localhost:3000
INFO:     127.0.0.1:57880 - "GET /api/auth/me HTTP/1.1" 200 OK
INFO:     DEBUG: Incoming request from Origin: http://localhost:3000
INFO:     127.0.0.1:57872 - "GET /api/display/mev1 HTTP/1.1" 200 OK
INFO:     DEBUG: Incoming request from Origin: http://localhost:3000
INFO:     127.0.0.1:57881 - "GET /api/display/br1 HTTP/1.1" 200 OK
INFO:     127.0.0.1:57880 - "GET /api/auth/me HTTP/1.1" 200 OK
INFO:     DEBUG: Incoming request from Origin: http://localhost:3000
INFO:     DEBUG: Incoming request from Origin: http://localhost:3000
INFO:     127.0.0.1:57879 - "GET /api/display/bc3 HTTP/1.1" 200 OK
INFO:     127.0.0.1:57881 - "POST /api/screens/379b4f70-10e3-454f-81db-e012844ee242/heartbeat HTTP/1.1" 200 OK
INFO:     127.0.0.1:57877 - "GET /api/display/bc1 HTTP/1.1" 200 OK
INFO:     127.0.0.1:57873 - "GET /api/display/bc2 HTTP/1.1" 200 OK
INFO:     DEBUG: Incoming request from Origin: http://localhost:3000
INFO:     DEBUG: Incoming request from Origin: http://localhost:3000
INFO:     DEBUG: Incoming request from Origin: http://localhost:3000
INFO:     DEBUG: Incoming request from Origin: http://localhost:3000
INFO:     127.0.0.1:57881 - "POST /api/screens/e6c1dc53-f66a-41a6-b56b-5333cb7168f6/heartbeat HTTP/1.1" 200 OK
INFO:     127.0.0.1:57879 - "GET /api/auth/me HTTP/1.1" 200 OK
INFO:     DEBUG: Incoming request from Origin: http://localhost:3000
INFO:     DEBUG: Incoming request from Origin: http://localhost:3000
INFO:     127.0.0.1:57872 - "GET /api/display/mev1 HTTP/1.1" 200 OK
INFO:     DEBUG: Incoming request from Origin: http://localhost:3000
INFO:     127.0.0.1:57879 - "POST /api/screens/70b501fc-5a64-4178-af1e-4006339dbb94/heartbeat HTTP/1.1" 200 OK
INFO:     DEBUG: Incoming request from Origin: http://localhost:3000
INFO:     127.0.0.1:57872 - "POST /api/screens/3182fb15-e2f2-4a6a-b60b-10661378ebd6/heartbeat HTTP/1.1" 200 OK
INFO:     DEBUG: Incoming request from Origin: http://localhost:3000
INFO:     127.0.0.1:57880 - "GET /api/display/br1 HTTP/1.1" 200 OK
INFO:     127.0.0.1:57879 - "POST /api/screens/9e7578ba-4b61-4c41-b257-d7b968456383/heartbeat HTTP/1.1" 200 OK
INFO:     DEBUG: Incoming request from Origin: http://localhost:3000
INFO:     DEBUG: Incoming request from Origin: http://localhost:3000
INFO:     127.0.0.1:57872 - "GET /api/auth/me HTTP/1.1" 200 OK
INFO:     DEBUG: Incoming request from Origin: http://localhost:3000
INFO:     127.0.0.1:57880 - "POST /api/screens/379b4f70-10e3-454f-81db-e012844ee242/heartbeat HTTP/1.1" 200 OK
INFO:     127.0.0.1:57879 - "POST /api/screens/e6c1dc53-f66a-41a6-b56b-5333cb7168f6/heartbeat HTTP/1.1" 200 OK
INFO:     127.0.0.1:57872 - "GET /api/auth/me HTTP/1.1" 200 OK
INFO:     DEBUG: Incoming request from Origin: http://localhost:3000
INFO:     127.0.0.1:57877 - "GET /api/display/bc3 HTTP/1.1" 200 OK
INFO:     127.0.0.1:57873 - "GET /api/display/bc1 HTTP/1.1" 200 OK
INFO:     DEBUG: Incoming request from Origin: http://localhost:3000
INFO:     DEBUG: Incoming request from Origin: http://localhost:3000
INFO:     127.0.0.1:57872 - "GET /api/auth/me HTTP/1.1" 200 OK
INFO:     DEBUG: Incoming request from Origin: http://localhost:3000
INFO:     127.0.0.1:57877 - "POST /api/screens/70b501fc-5a64-4178-af1e-4006339dbb94/heartbeat HTTP/1.1" 200 OK
INFO:     127.0.0.1:57873 - "POST /api/screens/3182fb15-e2f2-4a6a-b60b-10661378ebd6/heartbeat HTTP/1.1" 200 OK
INFO:     127.0.0.1:57881 - "GET /api/display/bc2 HTTP/1.1" 200 OK
INFO:     DEBUG: Incoming request from Origin: http://localhost:3000
INFO:     127.0.0.1:57872 - "GET /api/auth/me HTTP/1.1" 200 OK
INFO:     DEBUG: Incoming request from Origin: http://localhost:3000
INFO:     127.0.0.1:57881 - "POST /api/screens/9e7578ba-4b61-4c41-b257-d7b968456383/heartbeat HTTP/1.1" 200 OK
INFO:     127.0.0.1:57872 - "GET /api/auth/me HTTP/1.1" 200 OK
INFO:     DEBUG: Incoming request from Origin: http://localhost:3000
INFO:     DEBUG: Incoming request from Origin: http://localhost:3000
INFO:     DEBUG: Incoming request from Origin: http://localhost:3000
INFO:     DEBUG: Incoming request from Origin: http://localhost:3000
INFO:     127.0.0.1:57872 - "GET /api/screens HTTP/1.1" 200 OK
INFO:     DEBUG: Incoming request from Origin: http://localhost:3000
2026-02-11 12:34:58,855 - server - INFO - FETCHING FOLDERS...
INFO:     127.0.0.1:57881 - "GET /api/locations HTTP/1.1" 200 OK
INFO:     DEBUG: Incoming request from Origin: http://localhost:3000
INFO:     DEBUG: Incoming request from Origin: http://localhost:3000
INFO:     DEBUG: Incoming request from Origin: http://localhost:3000
INFO:     127.0.0.1:57873 - "GET /api/content HTTP/1.1" 200 OK
INFO:     DEBUG: Incoming request from Origin: http://localhost:3000
INFO:     127.0.0.1:57877 - "GET /api/content/folders HTTP/1.1" 200 OK
INFO:     127.0.0.1:57872 - "GET /api/screens HTTP/1.1" 200 OK
INFO:     DEBUG: Incoming request from Origin: http://localhost:3000
INFO:     DEBUG: Incoming request from Origin: http://localhost:3000
INFO:     127.0.0.1:57881 - "GET /api/screen-zones/3182fb15-e2f2-4a6a-b60b-10661378ebd6 HTTP/1.1" 200 OK
INFO:     127.0.0.1:57930 - "GET /api/screen-zones/70b501fc-5a64-4178-af1e-4006339dbb94 HTTP/1.1" 200 OK
INFO:     127.0.0.1:57928 - "GET /api/screen-zones/9e7578ba-4b61-4c41-b257-d7b968456383 HTTP/1.1" 200 OK
INFO:     DEBUG: Incoming request from Origin: http://localhost:3000
INFO:     DEBUG: Incoming request from Origin: http://localhost:3000
INFO:     127.0.0.1:57873 - "GET /api/screen-zones/e6c1dc53-f66a-41a6-b56b-5333cb7168f6 HTTP/1.1" 200 OK
2026-02-11 12:34:59,381 - server - INFO - FETCHING FOLDERS...
INFO:     127.0.0.1:57877 - "GET /api/screen-zones/379b4f70-10e3-454f-81db-e012844ee242 HTTP/1.1" 200 OK
INFO:     127.0.0.1:57930 - "GET /api/screens HTTP/1.1" 200 OK
INFO:     127.0.0.1:57872 - "GET /api/content HTTP/1.1" 200 OK
INFO:     127.0.0.1:57881 - "GET /api/content/folders HTTP/1.1" 200 OK
INFO:     DEBUG: Incoming request from Origin: http://localhost:3000
INFO:     127.0.0.1:58547 - "OPTIONS /api/content/df944f8a-1c82-40af-a59f-691e77e1a03b/folder HTTP/1.1" 200 OK
INFO:     DEBUG: Incoming request from Origin: http://localhost:3000
INFO:     127.0.0.1:58547 - "PATCH /api/content/df944f8a-1c82-40af-a59f-691e77e1a03b/folder HTTP/1.1" 200 OK
INFO:     DEBUG: Incoming request from Origin: http://localhost:3000
INFO:     127.0.0.1:58547 - "OPTIONS /api/content HTTP/1.1" 200 OK
INFO:     DEBUG: Incoming request from Origin: http://localhost:3000
INFO:     127.0.0.1:58547 - "GET /api/content HTTP/1.1" 200 OK
INFO:     DEBUG: Incoming request from Origin: http://localhost:3000
INFO:     DEBUG: Incoming request from Origin: http://localhost:3000
INFO:     127.0.0.1:58706 - "GET /api/content HTTP/1.1" 200 OK
INFO:     DEBUG: Incoming request from Origin: http://localhost:3000
INFO:     127.0.0.1:58706 - "GET /api/content HTTP/1.1" 200 OK
INFO:     127.0.0.1:58705 - "GET /api/playlists HTTP/1.1" 200 OK
INFO:     DEBUG: Incoming request from Origin: http://localhost:3000
INFO:     127.0.0.1:58705 - "GET /api/playlists HTTP/1.1" 200 OK
